Rk,Player,Tm,Age,Pos,G,GS,Tgt,Rec,Ctch%,Yds,Y/R,TD,1D,Succ%,Lng,Y/Tgt,R/G,Y/G,Fmb,Player-additional
1,Antonio Brown*+,PIT,27,WR,16,16,193,136,70.5%,1834,13.5,10,84,56.0,59,9.5,8.5,114.6,3,BrowAn04
2,Julio Jones*+,ATL,26,WR,16,16,203,136,67.0%,1871,13.8,8,93,57.6,70,9.2,8.5,116.9,3,JoneJu02
3,DeAndre Hopkins*,HOU,23,WR,16,16,192,111,57.8%,1521,13.7,11,83,53.6,61,7.9,6.9,95.1,1,HopkDe00
4,Jarvis Landry*,MIA,23,WR,16,14,166,110,66.3%,1157,10.5,4,60,47.0,50,7.0,6.9,72.3,1,LandJa00
5,Larry Fitzgerald*,ARI,32,WR,16,16,145,109,75.2%,1215,11.1,9,65,65.5,44,8.4,6.8,75.9,2,FitzLa00
6,Brandon Marshall*,NYJ,31,WR,16,16,173,109,63.0%,1502,13.8,14,76,57.2,69,8.7,6.8,93.9,3,MarsBr00
7,Demaryius Thomas*,DEN,28,WR,16,16,177,105,59.3%,1304,12.4,6,63,49.2,72,7.4,6.6,81.5,2,ThomDe03
8,Odell Beckham Jr.*,NYG,23,WR,15,15,158,96,60.8%,1450,15.1,13,68,53.2,87,9.2,6.4,96.7,2,BeckOd00
9,Delanie Walker*,TEN,31,TE,15,10,133,94,70.7%,1088,11.6,6,53,53.4,61,8.2,6.3,72.5,0,WalkHu00
10,Golden Tate,DET,27,WR,16,16,128,90,70.3%,813,9.0,6,50,52.3,43,6.4,5.6,50.8,1,TateGo00
11,Calvin Johnson*,DET,30,WR,16,16,149,88,59.1%,1214,13.8,9,66,53.7,57,8.1,5.5,75.9,1,JohnCa00
12,Jeremy Maclin,KAN,27,WR,15,15,124,87,70.2%,1088,12.5,8,50,57.3,61,8.8,5.8,72.5,2,MaclJe00
13,Jordan Reed,WAS,25,TE,14,8,114,87,76.3%,952,10.9,11,54,62.3,32,8.4,6.2,68.0,3,ReedJo02
14,A.J. Green*,CIN,27,WR,16,16,132,86,65.2%,1297,15.1,10,63,60.6,80,9.8,5.4,81.1,1,GreeA.00
15,Michael Crabtree,OAK,28,WR,16,15,146,85,58.2%,922,10.8,9,47,47.3,38,6.3,5.3,57.6,1,CrabMi00
16,Jordan Matthews,PHI,23,WR,16,12,126,85,67.5%,997,11.7,8,46,53.2,78,7.9,5.3,62.3,2,MattJo00
17,Brandin Cooks,NOR,22,WR,16,12,129,84,65.1%,1138,13.5,9,45,47.3,71,8.8,5.3,71.1,1,CookBr00
18,Eric Decker,NYJ,28,WR,15,13,132,80,60.6%,1027,12.8,12,60,53.8,35,7.8,5.3,68.5,1,DeckEr00
19,Theo Riddick,DET,24,RB,16,1,99,80,80.8%,697,8.7,3,32,54.5,34,7.0,5.0,43.6,1,RiddTh00
20,Allen Robinson*,JAX,22,WR,16,16,151,80,53.0%,1400,17.5,14,61,49.7,90,9.3,5.0,87.5,0,RobiAl02
21,Danny Woodhead,SDG,30,RB,16,2,106,80,75.5%,755,9.4,6,39,49.1,61,7.1,5.0,47.2,0,WoodDa02
22,Gary Barnidge*,CLE,30,TE,16,13,125,79,63.2%,1043,13.2,9,52,52.8,40,8.3,4.9,65.2,0,BarnGa01
23,Randall Cobb,GNB,25,WR,16,15,129,79,61.2%,829,10.5,6,42,45.0,53,6.4,4.9,51.8,1,CobbRa00
24,Doug Baldwin,SEA,27,WR,16,16,103,78,75.7%,1069,13.7,14,49,65.0,80,10.4,4.9,66.8,1,BaldDo00
25,Greg Olsen*,CAR,30,TE,16,16,124,77,62.1%,1104,14.3,7,52,53.2,52,8.9,4.8,69.0,1,OlseGr00
26,Jason Witten,DAL,33,TE,16,16,104,77,74.0%,713,9.3,3,37,55.8,35,6.9,4.8,44.6,1,WittJa00
27,Emmanuel Sanders,DEN,28,WR,15,15,136,76,55.9%,1135,14.9,6,51,45.6,75,8.3,5.1,75.7,2,SandEm00
28,Kamar Aiken,BAL,26,WR,16,14,127,75,59.1%,944,12.6,5,55,52.0,48,7.4,4.7,59.0,1,AikeKa00
29,Zach Ertz,PHI,25,TE,15,7,112,75,67.0%,853,11.4,2,40,51.8,60,7.6,5.0,56.9,1,ErtzZa00
30,Mike Evans,TAM,22,WR,15,14,148,74,50.0%,1206,16.3,3,63,48.0,68,8.1,4.9,80.4,1,EvanMi00
31,Ben Watson,NOR,35,TE,16,16,110,74,67.3%,825,11.1,6,42,56.4,46,7.5,4.6,51.6,1,WatsBe00
32,Devonta Freeman*,ATL,23,RB,15,13,97,73,75.3%,578,7.9,3,21,52.6,44,6.0,4.9,38.5,3,FreeDe00
33,Amari Cooper*,OAK,21,WR,16,15,130,72,55.4%,1070,14.9,6,47,47.7,68,8.2,4.5,66.9,1,CoopAm00
34,Pierre Garcon,WAS,29,WR,16,16,111,72,64.9%,777,10.8,6,44,54.1,39,7.0,4.5,48.6,0,GarcPi00
35,Rob Gronkowski*+,NWE,26,TE,15,15,120,72,60.0%,1176,16.3,11,52,50.0,76,9.8,4.8,78.4,0,GronRo00
36,Travis Kelce*,KAN,26,TE,16,16,103,72,69.9%,875,12.2,5,40,55.3,42,8.5,4.5,54.7,2,KelcTr00
37,Anquan Boldin,SFO,35,WR,14,13,111,69,62.2%,789,11.4,4,36,46.8,51,7.1,4.9,56.4,1,BoldAn00
38,T.Y. Hilton*,IND,26,WR,16,15,134,69,51.5%,1124,16.3,5,50,45.5,87,8.4,4.3,70.3,1,HiltT.00
39,Willie Snead,NOR,23,WR,15,8,101,69,68.3%,984,14.3,3,44,58.4,63,9.7,4.6,65.6,2,SneaWi00
40,Travis Benjamin,CLE,26,WR,16,15,125,68,54.4%,966,14.2,5,38,45.6,61,7.7,4.3,60.4,3,BenjTr00
41,Keenan Allen,SDG,23,WR,8,8,89,67,75.3%,725,10.8,4,34,62.9,38,8.1,8.4,90.6,1,AlleKe00
42,Danny Amendola,NWE,30,WR,14,7,87,65,74.7%,648,10.0,3,32,57.5,41,7.4,4.6,46.3,1,AmenDa00
43,John Brown,ARI,25,WR,15,11,101,65,64.4%,1003,15.4,7,49,56.4,68,9.9,4.3,66.9,1,BrowJo02
44,Marvin Jones,CIN,25,WR,16,13,103,65,63.1%,816,12.6,4,34,52.4,47,7.9,4.1,51.0,0,JoneMa02
45,Allen Hurns,JAX,24,WR,15,15,105,64,61.0%,1031,16.1,10,49,53.3,80,9.8,4.3,68.7,2,HurnAl01
46,Donte Moncrief,IND,22,WR,16,10,105,64,61.0%,733,11.5,6,41,51.4,33,7.0,4.0,45.8,0,MoncDo00
47,Julian Edelman,NWE,29,WR,9,9,88,61,69.3%,692,11.3,7,37,59.1,59,7.9,6.8,76.9,1,EdelJu00
48,Duke Johnson,CLE,22,RB,16,7,74,61,82.4%,534,8.8,2,24,41.9,52,7.2,3.8,33.4,1,JohnDu00
49,Heath Miller,PIT,33,TE,15,15,81,60,74.1%,535,8.9,2,30,58.0,27,6.6,4.0,35.7,0,MillHe00
50,Sammy Watkins,BUF,22,WR,13,13,96,60,62.5%,1047,17.5,9,41,55.2,63,10.9,4.6,80.5,0,WatkSa00
51,Jamison Crowder,WAS,22,WR,16,6,78,59,75.6%,604,10.2,2,34,57.7,44,7.7,3.7,37.8,4,CrowJa00
52,Jacob Tamme,ATL,30,TE,15,8,81,59,72.8%,657,11.1,1,31,59.3,41,8.1,3.9,43.8,0,TammJa00
53,Shane Vereen,NYG,26,RB,16,0,81,59,72.8%,494,8.4,4,22,44.4,37,6.1,3.7,30.9,1,VereSh00
54,Richard Rodgers,GNB,23,TE,16,12,85,58,68.2%,510,8.8,8,28,45.9,61,6.0,3.6,31.9,0,RodgRi00
55,Rueben Randle,NYG,24,WR,16,16,90,57,63.3%,797,14.0,8,36,53.3,72,8.9,3.6,49.8,0,RandRu00
56,Antonio Gates,SDG,35,TE,11,4,85,56,65.9%,630,11.3,5,33,55.3,40,7.4,5.1,57.3,0,GateAn00
57,Darren Sproles*,PHI,32,RB,16,4,83,55,66.3%,388,7.1,1,21,33.7,35,4.7,3.4,24.3,2,SproDa00
58,Coby Fleener,IND,27,TE,16,11,84,54,64.3%,491,9.1,3,23,46.4,57,5.8,3.4,30.7,0,FleeCo00
59,Alshon Jeffery,CHI,25,WR,9,8,94,54,57.4%,807,14.9,4,43,51.1,50,8.6,6.0,89.7,1,JeffAl00
60,Martellus Bennett,CHI,28,TE,11,11,80,53,66.3%,439,8.3,3,26,47.5,24,5.5,4.8,39.9,2,BennMa00
61,Tavon Austin,STL,25,WR,16,15,87,52,59.8%,473,9.1,5,21,35.6,66,5.4,3.3,29.6,3,AustTa00
62,Cole Beasley,DAL,26,WR,16,3,75,52,69.3%,536,10.3,5,31,52.0,30,7.1,3.3,33.5,2,BeasCo00
63,Stefon Diggs,MIN,22,WR,13,9,84,52,61.9%,720,13.8,4,30,46.4,40,8.6,4.0,55.4,2,DiggSt00
64,Tyler Eifert*,CIN,25,TE,13,12,74,52,70.3%,615,11.8,13,38,66.2,31,8.3,4.0,47.3,0,EifeTy00
65,Michael Floyd,ARI,26,WR,15,6,89,52,58.4%,849,16.3,6,40,52.8,60,9.5,3.5,56.6,0,FloyMi00
66,Terrance Williams,DAL,26,WR,16,13,93,52,55.9%,840,16.2,3,36,51.6,42,9.0,3.3,52.5,0,WillTe01
67,Charles Clay,BUF,26,TE,13,13,77,51,66.2%,528,10.4,3,26,46.8,40,6.9,3.9,40.6,1,ClayCh00
68,Tyler Lockett*+,SEA,23,WR,16,8,69,51,73.9%,664,13.0,6,31,66.7,49,9.6,3.2,41.5,2,LockTy00
69,Charles Sims,TAM,25,RB,16,0,70,51,72.9%,561,11.0,4,22,51.4,56,8.0,3.2,35.1,2,SimsCh00
70,Davante Adams,GNB,23,WR,13,12,94,50,53.2%,483,9.7,1,20,45.7,40,5.1,3.8,37.2,0,AdamDa01
71,Martavis Bryant,PIT,24,WR,11,5,92,50,54.3%,765,15.3,6,25,44.6,88,8.3,4.5,69.5,1,BryaMa00
72,Mark Ingram,NOR,26,RB,12,10,60,50,83.3%,405,8.1,0,22,53.3,59,6.8,4.2,33.8,2,IngrMa01
73,James Jones,GNB,31,WR,16,15,99,50,50.5%,890,17.8,8,40,46.5,65,9.0,3.1,55.6,1,JoneJa04
74,Giovani Bernard,CIN,24,RB,16,1,66,49,74.2%,472,9.6,0,19,45.5,45,7.2,3.1,29.5,2,BernGi00
75,Jermaine Kearse,SEA,25,WR,16,16,68,49,72.1%,685,14.0,5,32,60.3,50,10.1,3.1,42.8,1,KearJe01
76,Kyle Rudolph,MIN,26,TE,16,16,73,49,67.1%,495,10.1,5,25,49.3,47,6.8,3.1,30.9,0,RudoKy00
77,Jimmy Graham,SEA,29,TE,11,11,74,48,64.9%,605,12.6,2,29,54.1,45,8.2,4.4,55.0,0,GrahJi00
78,Eric Ebron,DET,22,TE,14,8,70,47,67.1%,537,11.4,5,27,52.9,55,7.7,3.4,38.4,0,EbroEr00
79,Lamar Miller,MIA,24,RB,16,16,57,47,82.5%,397,8.4,2,15,40.4,54,7.0,2.9,24.8,1,MillLa01
80,Bilal Powell,NYJ,27,RB,11,2,63,47,74.6%,388,8.3,2,21,39.7,25,6.2,4.3,35.3,2,PoweBi00
81,Nate Washington,HOU,32,WR,14,14,94,47,50.0%,658,14.0,4,33,43.6,49,7.0,3.4,47.0,0,WashNa00
82,Robert Woods,BUF,23,WR,14,9,80,47,58.8%,552,11.7,3,27,52.5,37,6.9,3.4,39.4,2,WoodRo02
83,Owen Daniels,DEN,33,TE,16,16,77,46,59.7%,517,11.2,3,27,50.6,37,6.7,2.9,32.3,0,DaniOw00
84,Brian Hartline,CLE,29,WR,12,4,77,46,59.7%,523,11.4,2,30,49.4,41,6.8,3.8,43.6,1,HartBr00
85,Steve Smith Sr.,BAL,36,WR,7,7,73,46,63.0%,670,14.6,3,29,50.7,50,9.2,6.6,95.7,0,SmitSt01
86,Julius Thomas,JAX,27,TE,12,10,80,46,57.5%,455,9.9,5,25,47.5,34,5.7,3.8,37.9,0,ThomJu00
87,Javorius Allen,BAL,24,RB,16,6,62,45,72.6%,353,7.8,2,15,46.8,41,5.7,2.8,22.1,2,AlleJa01
88,Marques Colston,NOR,32,WR,13,5,67,45,67.2%,520,11.6,4,26,55.2,53,7.8,3.5,40.0,0,ColsMa00
89,Stevie Johnson,SDG,29,WR,10,8,65,45,69.2%,497,11.0,3,29,58.5,34,7.6,4.5,49.7,1,JohnSt00
90,Matt Forte,CHI,30,RB,13,13,58,44,75.9%,389,8.8,3,17,50.0,38,6.7,3.4,29.9,2,FortMa00
91,Ted Ginn Jr.,CAR,30,WR,15,13,97,44,45.4%,739,16.8,10,36,42.3,74,7.6,2.9,49.3,0,GinnTe00
92,DeMarco Murray,PHI,27,RB,15,8,55,44,80.0%,322,7.3,1,13,47.3,44,5.9,2.9,21.5,2,MurrDe00
93,Markus Wheaton,PIT,24,WR,16,8,79,44,55.7%,749,17.0,5,32,51.9,72,9.5,2.8,46.8,0,WheaMa00
94,Rishard Matthews,MIA,26,WR,11,11,61,43,70.5%,662,15.4,4,32,67.2,53,10.9,3.9,60.2,0,MattRi00
95,James Starks,GNB,29,RB,16,4,53,43,81.1%,392,9.1,3,17,54.7,30,7.4,2.7,24.5,5,StarJa00
96,Roddy White,ATL,34,WR,16,16,70,43,61.4%,506,11.8,1,27,50.0,25,7.2,2.7,31.6,0,WhitRo00
97,Cecil Shorts,HOU,28,WR,11,4,75,42,56.0%,484,11.5,2,27,42.7,42,6.5,3.8,44.0,2,ShorCe00
98,Will Tye,NYG,24,TE,13,7,62,42,67.7%,464,11.0,3,23,54.8,45,7.5,3.2,35.7,1,TyexWi00
99,Andre Johnson,IND,34,WR,16,14,77,41,53.2%,503,12.3,4,32,45.5,35,6.5,2.6,31.4,0,JohnAn02
100,Kyle Juszczyk,BAL,24,RB,16,11,56,41,73.2%,321,7.8,4,17,44.6,39,5.7,2.6,20.1,0,JuszKy00
101,Latavius Murray*,OAK,25,RB,16,16,53,41,77.4%,232,5.7,0,9,45.3,23,4.4,2.6,14.5,4,MurrLa00
102,Darren McFadden,DAL,28,RB,16,10,53,40,75.5%,328,8.2,0,12,41.5,21,6.2,2.5,20.5,3,McFaDa00
103,James White,NWE,23,RB,14,1,54,40,74.1%,410,10.3,4,19,51.9,68,7.6,2.9,29.3,0,WhitJa02
104,DeAngelo Williams,PIT,32,RB,16,10,47,40,85.1%,367,9.2,0,15,51.1,34,7.8,2.5,22.9,4,WillDe02
105,Jared Cook,STL,28,TE,16,12,75,39,52.0%,481,12.3,0,19,37.3,49,6.4,2.4,30.1,2,CookJa02
106,Jerricho Cotchery,CAR,33,WR,14,3,54,39,72.2%,485,12.4,3,26,59.3,59,9.0,2.8,34.6,0,CotcJe00
107,Mike Wallace,MIN,29,WR,16,12,72,39,54.2%,473,12.1,2,27,41.7,34,6.6,2.4,29.6,0,WallMi00
108,Vernon Davis,2TM,31,TE,15,9,58,38,65.5%,395,10.4,0,42,53.4,43,6.8,2.5,26.3,0,DaviVe00
109,Ladarius Green,SDG,25,TE,13,11,63,37,58.7%,429,11.6,4,24,49.2,31,6.8,2.8,33.0,0,GreeLa00
110,Brandon LaFell,NWE,29,WR,11,7,74,37,50.0%,515,13.9,0,22,37.8,54,7.0,3.4,46.8,0,LaFeBr00
111,Eddie Royal,CHI,29,WR,9,9,50,37,74.0%,238,6.4,1,9,36.0,30,4.8,4.1,26.4,0,RoyaEd00
112,Kenny Britt,STL,27,WR,16,14,72,36,50.0%,681,18.9,3,29,44.4,60,9.5,2.3,42.6,0,BritKe00
113,Harry Douglas,TEN,31,WR,14,12,72,36,50.0%,411,11.4,2,22,43.1,51,5.7,2.6,29.4,2,DougHa00
114,Dwayne Harris,NYG,28,WR,15,6,57,36,63.2%,396,11.0,4,20,49.1,38,6.9,2.4,26.4,3,HarrDw00
115,Chris Hogan,BUF,28,WR,16,4,59,36,61.0%,450,12.5,2,18,40.7,46,7.6,2.3,28.1,0,HogaCh00
116,David Johnson,ARI,24,RB,16,5,57,36,63.2%,457,12.7,4,21,47.4,55,8.0,2.3,28.6,4,JohnDa08
117,Dion Lewis,NWE,25,RB,7,6,50,36,72.0%,388,10.8,2,17,56.0,40,7.8,5.1,55.4,2,LewiDi00
118,Kendall Wright,TEN,26,WR,10,9,60,36,60.0%,408,11.3,3,21,46.7,52,6.8,3.6,40.8,0,WrigKe01
119,T.J. Yeldon,JAX,22,RB,12,12,46,36,78.3%,279,7.8,1,15,50.0,67,6.1,3.0,23.3,0,YeldT.00
120,Jordan Cameron,MIA,27,TE,16,16,70,35,50.0%,386,11.0,3,21,41.4,29,5.5,2.2,24.1,1,CameJo00
121,Dontrelle Inman,SDG,26,WR,14,7,63,35,55.6%,486,13.9,3,22,49.2,68,7.7,2.5,34.7,2,InmaDo00
122,Chris Thompson,WAS,25,RB,13,0,48,35,72.9%,240,6.9,2,14,45.8,23,5.0,2.7,18.5,2,ThomCh03
123,Albert Wilson,KAN,23,WR,14,12,57,35,61.4%,451,12.9,2,19,45.6,44,7.9,2.5,32.2,0,WilsAl02
124,Frank Gore,IND,32,RB,16,16,58,34,58.6%,267,7.9,1,11,34.5,34,4.6,2.1,16.7,4,GoreFr00
125,Zach Miller,CHI,31,TE,15,14,46,34,73.9%,439,12.9,5,17,65.2,87,9.5,2.3,29.3,0,MillZa02
126,C.J. Spiller,NOR,28,RB,13,2,44,34,77.3%,239,7.0,2,13,34.1,80,5.4,2.6,18.4,1,SpilC.00
127,Jarius Wright,MIN,26,WR,16,3,50,34,68.0%,442,13.0,0,25,58.0,52,8.8,2.1,27.6,1,WrigJa02
128,Crockett Gillmore,BAL,24,TE,10,10,47,33,70.2%,412,12.5,4,17,57.4,46,8.8,3.3,41.2,0,GillCr00
129,Melvin Gordon,SDG,22,RB,14,12,37,33,89.2%,192,5.8,0,8,48.6,18,5.2,2.4,13.7,6,GordMe00
130,Vincent Jackson,TAM,32,WR,10,9,62,33,53.2%,543,16.5,3,28,50.0,36,8.8,3.3,54.3,0,JackVi00
131,Doug Martin*+,TAM,26,RB,16,16,44,33,75.0%,271,8.2,1,10,45.5,25,6.2,2.1,16.9,5,MartDo00
132,Mohamed Sanu,CIN,26,WR,16,4,49,33,67.3%,394,11.9,0,17,49.0,52,8.0,2.1,24.6,2,SanuMo00
133,Torrey Smith,SFO,26,WR,16,12,62,33,53.2%,663,20.1,4,23,46.8,76,10.7,2.1,41.4,0,SmitTo02
134,Dorial Green-Beckham,TEN,22,WR,16,5,67,32,47.8%,549,17.2,4,30,47.8,47,8.2,2.0,34.3,0,GreeDo00
135,Fred Jackson,SEA,34,RB,16,0,41,32,78.0%,257,8.0,2,12,58.5,26,6.3,2.0,16.1,1,JackFr02
136,LeSean McCoy*,BUF,27,RB,12,12,50,32,64.0%,292,9.1,2,12,46.0,22,5.8,2.7,24.3,2,McCoLe01
137,Mychal Rivera,OAK,25,TE,16,0,46,32,69.6%,280,8.8,1,13,45.7,29,6.1,2.0,17.5,2,RiveMy00
138,Seth Roberts,OAK,24,WR,16,5,55,32,58.2%,480,15.0,5,21,49.1,43,8.7,2.0,30.0,0,RobeSe00
139,Bryan Walters,JAX,28,WR,11,1,45,32,71.1%,368,11.5,1,22,55.6,31,8.2,2.9,33.5,0,WaltBr00
140,Maxx Williams,BAL,21,TE,14,7,48,32,66.7%,268,8.4,1,16,50.0,28,5.6,2.3,19.1,1,WillMa04
141,Corey Brown,CAR,24,WR,14,11,54,31,57.4%,447,14.4,4,24,51.9,39,8.3,2.2,31.9,0,BrowPh00
142,Dez Bryant,DAL,27,WR,9,9,72,31,43.1%,401,12.9,3,18,34.7,51,5.6,3.4,44.6,0,BryaDe01
143,Jeremy Butler,BAL,24,WR,8,0,44,31,70.5%,363,11.7,0,17,52.3,41,8.3,3.9,45.4,1,ButlJe01
144,Justin Forsett,BAL,30,RB,10,10,41,31,75.6%,153,4.9,0,4,31.7,32,3.7,3.1,15.3,0,ForsJu00
145,Devin Funchess,CAR,21,WR,16,5,63,31,49.2%,473,15.3,5,24,47.6,52,7.5,1.9,29.6,1,FuncDe00
146,Dexter McCluster,TEN,26,WR,11,2,41,31,75.6%,260,8.4,1,12,39.0,35,6.3,2.8,23.6,2,McClDe00
147,Brandon Coleman,NOR,23,WR,16,4,49,30,61.2%,454,15.1,2,22,55.1,31,9.3,1.9,28.4,0,ColeBr00
148,Malcom Floyd,SDG,34,WR,15,13,68,30,44.1%,561,18.7,3,19,38.2,70,8.3,2.0,37.4,1,FloyMa00
149,Chris Ivory*,NYJ,27,RB,15,14,37,30,81.1%,217,7.2,1,10,51.4,36,5.9,2.0,14.5,4,IvorCh00
150,DeSean Jackson,WAS,29,WR,9,9,49,30,61.2%,528,17.6,4,15,46.9,77,10.8,3.3,58.7,1,JackDe00
151,Vance McDonald,SFO,25,TE,14,11,46,30,65.2%,326,10.9,3,16,41.3,36,7.1,2.1,23.3,2,McDoVa00
152,Quinton Patton,SFO,25,WR,16,4,57,30,52.6%,394,13.1,1,15,40.4,41,6.9,1.9,24.6,0,PattQu00
153,Adrian Peterson*+,MIN,30,RB,16,16,36,30,83.3%,222,7.4,0,9,41.7,49,6.2,1.9,13.9,7,PeteAd01
154,Marcel Reece,OAK,30,RB,15,7,37,30,81.1%,269,9.0,3,12,54.1,55,7.3,2.0,17.9,0,ReecMa00
155,Larry Donnell,NYG,27,TE,8,8,41,29,70.7%,223,7.7,2,13,53.7,22,5.4,3.6,27.9,0,DonnLa00
156,Rashad Jennings,NYG,30,RB,16,16,40,29,72.5%,296,10.2,1,8,50.0,51,7.4,1.8,18.5,3,JennRa00
157,Lance Moore,DET,32,WR,14,8,43,29,67.4%,337,11.6,4,20,55.8,42,7.8,2.1,24.1,1,MoorLa00
158,Taylor Gabriel,CLE,24,WR,13,4,48,28,58.3%,241,8.6,0,11,43.8,56,5.0,2.2,18.5,1,GabrTa00
159,Clive Walford,OAK,24,TE,16,2,50,28,56.0%,329,11.8,3,20,40.0,33,6.6,1.8,20.6,0,WalfCl00
160,Marquess Wilson,CHI,23,WR,11,6,51,28,54.9%,464,16.6,1,20,49.0,50,9.1,2.5,42.2,0,WilsMa02
161,Brent Celek,PHI,30,TE,16,13,35,27,77.1%,398,14.7,3,21,71.4,60,11.4,1.7,24.9,1,CeleBr00
162,Shaun Draughn,2TM,28,RB,11,6,35,27,77.1%,176,6.5,0,14,37.1,26,5.0,2.5,16.0,1,DrauSh00
163,Andrew Hawkins,CLE,29,WR,8,8,43,27,62.8%,276,10.2,0,11,46.5,25,6.4,3.4,34.5,1,HawkAn00
164,Josh Huff,PHI,24,WR,15,4,42,27,64.3%,312,11.6,3,16,52.4,41,7.4,1.8,20.8,0,HuffJo00
165,Adam Humphries,TAM,22,WR,13,0,40,27,67.5%,260,9.6,1,18,50.0,27,6.5,2.1,20.0,0,HumpAd00
166,Kenny Stills,MIA,23,WR,16,8,63,27,42.9%,440,16.3,3,18,36.5,47,7.0,1.7,27.5,0,StilKe00
167,Benny Cunningham,STL,25,RB,16,1,36,26,72.2%,250,9.6,0,12,38.9,42,6.9,1.6,15.6,1,CunnBe01
168,Anthony Fasano,TEN,31,TE,16,11,42,26,61.9%,289,11.1,2,16,54.8,33,6.9,1.6,18.1,0,FasaAn00
169,Jonathan Grimes,HOU,26,RB,14,0,31,26,83.9%,173,6.7,1,8,41.9,19,5.6,1.9,12.4,0,GrimJo01
170,Leonard Hankerson,3TM,26,WR,10,0,46,26,56.5%,327,12.6,3,38,52.2,55,7.1,2.6,32.7,0,HankLe00
171,DeVante Parker,MIA,22,WR,14,4,50,26,52.0%,494,19.0,3,20,42.0,49,9.9,1.9,35.3,0,ParkDe01
172,Ameer Abdullah,DET,22,RB,16,9,38,25,65.8%,183,7.3,1,11,47.4,36,4.8,1.6,11.4,5,AbduAm00
173,C.J. Anderson,DEN,24,RB,15,6,36,25,69.4%,183,7.3,0,6,25.0,27,5.1,1.7,12.2,2,AndeC.00
174,Lance Kendricks,STL,27,TE,15,12,36,25,69.4%,245,9.8,2,11,55.6,37,6.8,1.7,16.3,0,KendLa00
175,Le'Veon Bell,PIT,23,RB,6,6,26,24,92.3%,136,5.7,0,4,34.6,20,5.2,4.0,22.7,0,BellLe00
176,Javontee Herndon,SDG,24,WR,8,2,33,24,72.7%,195,8.1,0,8,45.5,21,5.9,3.0,24.4,2,HernJa00
177,Ronnie Hillman,DEN,24,RB,16,10,35,24,68.6%,111,4.6,0,3,31.4,14,3.2,1.5,6.9,3,HillRo00
178,Keshawn Martin,NWE,25,WR,9,8,37,24,64.9%,269,11.2,2,14,51.4,39,7.3,2.7,29.9,1,MartKe01
179,Nelson Agholor,PHI,22,WR,13,12,44,23,52.3%,283,12.3,1,11,45.5,53,6.4,1.8,21.8,1,AghoNe00
180,Cameron Brate,TAM,24,TE,14,4,30,23,76.7%,288,12.5,3,14,63.3,46,9.6,1.6,20.6,0,BratCa00
181,Scott Chandler,NWE,30,TE,15,4,42,23,54.8%,259,11.3,4,14,52.4,30,6.2,1.5,17.3,0,ChanSc00
182,Ryan Grant,WAS,25,WR,16,5,42,23,54.8%,268,11.7,2,18,45.2,35,6.4,1.4,16.8,0,GranRy01
183,Joique Bell,DET,29,RB,13,5,27,22,81.5%,286,13.0,0,10,74.1,39,10.6,1.7,22.0,1,BellJo01
184,Quincy Enunwa,NYJ,23,WR,12,6,46,22,47.8%,315,14.3,0,10,41.3,48,6.8,1.8,26.3,0,EnunQu00
185,Arian Foster,HOU,29,RB,4,4,28,22,78.6%,227,10.3,2,13,60.7,32,8.1,5.5,56.8,2,FostAr00
186,Justin Hunter,TEN,24,WR,9,5,31,22,71.0%,264,12.0,1,12,58.1,29,8.5,2.4,29.3,0,HuntJu00
187,Jeremy Langford,CHI,24,RB,16,2,42,22,52.4%,279,12.7,1,9,35.7,83,6.6,1.4,17.4,0,LangJe00
188,Marc Mariani,CHI,28,WR,16,5,33,22,66.7%,300,13.6,0,19,60.6,26,9.1,1.4,18.8,3,MariMa00
189,Jordan Norwood,DEN,29,WR,11,5,32,22,68.8%,207,9.4,0,11,43.8,34,6.5,2.0,18.8,1,NorwJo00
190,Antonio Andrews,TEN,23,RB,14,10,29,21,72.4%,174,8.3,0,8,41.4,23,6.0,1.5,12.4,1,AndrAn00
191,Jamaal Charles,KAN,29,RB,5,5,29,21,72.4%,177,8.4,1,10,44.8,26,6.1,4.2,35.4,3,CharJa00
192,Riley Cooper,PHI,28,WR,16,13,41,21,51.2%,327,15.6,2,15,46.3,62,8.0,1.3,20.4,0,CoopRi00
193,Lance Dunbar,DAL,25,RB,4,0,23,21,91.3%,215,10.2,0,9,60.9,39,9.3,5.3,53.8,0,DunbLa00
194,Darren Fells,ARI,29,TE,14,12,28,21,75.0%,311,14.8,3,15,71.4,48,11.1,1.5,22.2,0,FellDa01
195,Todd Gurley*,STL,21,RB,13,12,26,21,80.8%,188,9.0,0,9,46.2,31,7.2,1.6,14.5,3,GurlTo01
196,Justin Hardy,ATL,24,WR,9,1,36,21,58.3%,194,9.2,0,11,41.7,23,5.4,2.3,21.6,0,HardJu00
197,Darrius Heyward-Bey,PIT,28,WR,16,4,39,21,53.8%,314,15.0,2,11,41.0,66,8.1,1.3,19.6,0,HeywDa00
198,Jerick McKinnon,MIN,23,RB,16,0,29,21,72.4%,173,8.2,1,9,44.8,30,6.0,1.3,10.8,0,McKiJe00
199,Denard Robinson,JAX,25,WR,13,3,30,21,70.0%,164,7.8,0,8,50.0,16,5.5,1.6,12.6,3,RobiDe00
200,Austin Seferian-Jenkins,TAM,23,TE,7,3,39,21,53.8%,338,16.1,4,18,51.3,43,8.7,3.0,48.3,0,SefeAu00
201,Damien Williams,MIA,23,RB,16,0,28,21,75.0%,142,6.8,1,6,39.3,23,5.1,1.3,8.9,2,WillDa05
202,Chris Givens,2TM,26,WR,15,6,54,20,37.0%,353,17.7,1,26,33.3,48,6.5,1.3,23.5,0,GiveCh00
203,Ryan Griffin,HOU,25,TE,9,4,34,20,58.8%,251,12.6,2,13,52.9,37,7.4,2.2,27.9,0,GrifRy00
204,Eddie Lacy,GNB,25,RB,15,12,28,20,71.4%,188,9.4,2,7,46.4,28,6.7,1.3,12.5,4,LacyEd00
205,Ryan Mathews,PHI,28,RB,13,6,28,20,71.4%,146,7.3,1,6,39.3,23,5.2,1.5,11.2,3,MathRy00
206,Charcandrick West,KAN,24,RB,15,9,34,20,58.8%,214,10.7,1,6,32.4,80,6.3,1.3,14.3,1,WestCh01
207,Matt Asiata,MIN,28,RB,16,0,22,19,86.4%,132,6.9,0,5,31.8,22,6.0,1.2,8.3,0,AsiaMa00
208,Josh Bellamy,CHI,26,WR,16,3,34,19,55.9%,224,11.8,2,8,35.3,48,6.6,1.2,14.0,0,BellJo02
209,Brandon Bolden,NWE,25,RB,15,2,30,19,63.3%,180,9.5,2,8,30.0,63,6.0,1.3,12.0,0,BoldBr00
210,Garrett Celek,SFO,27,TE,11,8,28,19,67.9%,186,9.8,3,10,57.1,33,6.6,1.7,16.9,0,CeleGa00
211,Isaiah Crowell,CLE,22,RB,16,9,22,19,86.4%,182,9.6,1,6,54.5,53,8.3,1.2,11.4,0,CrowIs00
212,Rashad Greene,JAX,23,WR,9,0,35,19,54.3%,93,4.9,2,9,37.1,18,2.7,2.1,10.3,1,GreeRa00
213,Percy Harvin,BUF,27,WR,5,5,30,19,63.3%,218,11.5,1,10,40.0,51,7.3,3.8,43.6,1,HarvPe00
214,Greg Jennings,MIA,32,WR,16,5,36,19,52.8%,208,10.9,1,7,38.9,31,5.8,1.2,13.0,0,JennGr00
215,Matt Jones,WAS,22,RB,13,0,25,19,76.0%,304,16.0,1,10,60.0,78,12.2,1.5,23.4,5,JoneMa04
216,Griff Whalen,IND,25,WR,14,0,26,19,73.1%,205,10.8,1,11,61.5,38,7.9,1.4,14.6,4,WhalGr00
217,Nick Boyle,BAL,22,TE,11,2,23,18,78.3%,153,8.5,0,10,56.5,25,6.7,1.6,13.9,0,BoylNi00
218,Phillip Dorsett,IND,22,WR,11,0,39,18,46.2%,225,12.5,1,10,33.3,35,5.8,1.6,20.5,2,DorsPh00
219,Jermaine Gresham,ARI,27,TE,15,12,32,18,56.3%,223,12.4,1,13,53.1,22,7.0,1.2,14.9,0,GresJe00
220,Tre Mason,STL,22,RB,13,3,25,18,72.0%,88,4.9,0,5,24.0,16,3.5,1.4,6.8,3,MasoTr00