Player,Pos,School,College,Ht,Wt,40yd,Vertical,Bench,Broad Jump,3Cone,Shuttle,Drafted (tm/rnd/yr)
Jamal Adams,S,LSU,College Stats,6-0,214,4.56,31.5,18,120,6.96,4.13,New York Jets / 1st / 6th pick / 2017
Montravius Adams,DT,Auburn,College Stats,6-4,304,4.87,29.0,22,108,7.62,4.89,Green Bay Packers / 3rd / 93rd pick / 2017
Rodney Adams,WR,South Florida,College Stats,6-1,189,4.44,29.5,8,125,6.98,4.28,Minnesota Vikings / 5th / 170th pick / 2017
Quincy Adeboyejo,WR,Mississippi,College Stats,6-3,197,4.42,34.5,8,123,6.73,4.14,
Brian Allen,CB,Utah,College Stats,6-3,215,4.48,34.5,15,117,6.64,4.34,Pittsburgh Steelers / 5th / 173rd pick / 2017
Jonathan Allen,DT,Alabama,College Stats,6-3,286,5.00,30.0,21,108,7.49,4.50,Washington Redskins / 1st / 17th pick / 2017
Ryan Anderson,OLB,Alabama,College Stats,6-2,253,4.78,,,,,,Washington Redskins / 2nd / 49th pick / 2017
Alex Anzalone,OLB,Florida,College Stats,6-3,241,4.63,30.5,16,116,6.88,4.25,New Orleans Saints / 3rd / 76th pick / 2017
Isaac Asiata,OG,Utah,College Stats,6-3,323,5.34,25.5,35,102,7.83,4.93,Miami Dolphins / 5th / 164th pick / 2017
Erik Austell,OG,Charleston Southern,,6-3,301,5.23,27.5,24,107,8.13,4.90,
Chidobe Awuzie,CB,Colorado,College Stats,6-0,202,4.43,34.5,16,132,6.81,4.14,Dallas Cowboys / 2nd / 60th pick / 2017
Budda Baker,S,Washington,College Stats,5-10,195,4.45,32.5,15,115,6.76,4.08,Arizona Cardinals / 2nd / 36th pick / 2017
Toby Baker,P,Arkansas,College Stats,6-3,210,,,,,,,
Zach Banner,OG,USC,College Stats,6-8,353,5.58,23.5,22,92,8.31,5.21,Indianapolis Colts / 4th / 137th pick / 2017
Derek Barnett,DE,Tennessee,College Stats,6-3,259,4.88,31.0,,117,6.96,4.44,Philadelphia Eagles / 1st / 14th pick / 2017
Tarell Basham,DE,Ohio,College Stats,6-4,269,4.70,31.5,15,119,7.27,4.35,Indianapolis Colts / 3rd / 80th pick / 2017
C.J. Beathard,QB,Iowa,College Stats,6-2,219,,31.0,,113,,,San Francisco 49ers / 3rd / 104th pick / 2017
Kendell Beckwith,ILB,LSU,College Stats,6-2,243,,,20,,,,Tampa Bay Buccaneers / 3rd / 107th pick / 2017
Vince Biegel,OLB,Wisconsin,College Stats,6-3,246,4.67,33.5,21,118,6.92,4.30,Green Bay Packers / 4th / 108th pick / 2017
Adam Bisnowaty,OT,Pittsburgh,College Stats,6-6,304,5.23,29.5,23,96,8.02,4.94,New York Giants / 6th / 200th pick / 2017
Garrett Bolles,OT,Utah,College Stats,6-5,297,4.95,28.0,,115,7.29,4.55,Denver Broncos / 1st / 20th pick / 2017
Ben Boulware,ILB,Clemson,College Stats,6-0,238,,29.5,20,111,7.02,4.43,
Kendrick Bourne,WR,East. Washington,,6-1,203,4.68,34.0,9,125,6.73,4.21,
Tashawn Bower,OLB,LSU,College Stats,6-5,250,4.82,31.5,20,121,7.20,4.37,
Tyus Bowser,OLB,Houston,College Stats,6-3,247,4.65,37.5,21,127,6.75,,Baltimore Ravens / 2nd / 47th pick / 2017
Ben Braden,OG,Michigan,College Stats,6-6,329,5.04,28.0,25,102,7.85,4.90,
Caleb Brantley,DT,Florida,College Stats,6-3,307,5.14,27.0,21,105,7.66,4.62,Cleveland Browns / 6th / 185th pick / 2017
Billy Brown,TE,Shepherd,,6-3,254,4.70,29.0,23,118,,,
Blair Brown,ILB,Ohio,College Stats,5-11,238,4.65,37.0,,124,6.92,4.18,Jacksonville Jaguars / 5th / 148th pick / 2017
Fadol Brown,DE,Mississippi,College Stats,6-4,273,4.94,34.0,19,115,7.24,4.44,
Jayon Brown,ILB,UCLA,College Stats,6-0,231,4.70,31.5,17,120,,,Tennessee Titans / 5th / 155th pick / 2017
Noah Brown,WR,Ohio State,College Stats,6-2,222,,,19,,7.07,4.33,Dallas Cowboys / 7th / 239th pick / 2017
Pharaoh Brown,TE,Oregon,College Stats,6-6,255,,34.0,24,,,,
Daniel Brunskill,OT,San Diego State,College Stats,6-5,273,,28.0,17,106,7.90,4.84,
Collin Buchanan,OT,Miami (OH),College Stats,6-5,316,,25.0,23,97,,,
Riley Bullough,ILB,Michigan State,College Stats,6-2,226,,31.5,20,116,,,
Harrison Butker,K,Georgia Tech,College Stats,6-4,199,,,,,,,Carolina Panthers / 7th / 233rd pick / 2017
Jake Butt,TE,Michigan,College Stats,6-5,246,,,,,,,Denver Broncos / 5th / 145th pick / 2017
K.D. Cannon,WR,Baylor,College Stats,5-11,182,4.41,37.0,13,119,,,
Josh Carraway,DE,TCU,College Stats,6-3,242,4.74,29.5,25,120,7.20,4.44,Tennessee Titans / 7th / 227th pick / 2017
Chris Carson,RB,Oklahoma State,College Stats,6-0,218,4.58,37.0,23,130,,,Seattle Seahawks / 7th / 249th pick / 2017
Cethan Carter,TE,Nebraska,College Stats,6-3,241,4.68,,19,,,,
Jamal Carter,S,Miami (FL),College Stats,6-1,218,4.64,35.0,19,122,,,
Taco Charlton,DE,Michigan,College Stats,6-6,277,4.92,33.0,25,116,7.17,4.39,Dallas Cowboys / 1st / 28th pick / 2017
Jehu Chesson,WR,Michigan,College Stats,6-3,204,4.47,35.5,10,132,6.70,4.09,Kansas City Chiefs / 4th / 139th pick / 2017
Chuck Clark,S,Virginia Tech,College Stats,6-0,208,4.54,34.0,16,122,6.85,4.07,Baltimore Ravens / 6th / 186th pick / 2017
Jeremy Clark,CB,Michigan,College Stats,6-3,220,,,20,,,,New York Jets / 6th / 197th pick / 2017
Corey Clement,RB,Wisconsin,College Stats,5-10,220,4.68,28.5,19,115,,,
Chunky Clements,DT,Illinois,College Stats,6-2,301,,,23,,,,
Tarik Cohen,RB,North Carolina A&T,,5-6,179,4.42,31.5,11,118,,,Chicago Bears / 4th / 119th pick / 2017
Player,Pos,School,College,Ht,Wt,40yd,Vertical,Bench,Broad Jump,3Cone,Shuttle,Drafted (tm/rnd/yr)
Stacy Coley,WR,Miami (FL),College Stats,6-1,195,4.45,34.0,10,122,,,Minnesota Vikings / 7th / 219th pick / 2017
Aviante Collins,OG,TCU,College Stats,6-4,295,4.81,,34,,,,
Gareon Conley,CB,Ohio State,College Stats,6-0,195,4.44,37.0,11,129,6.68,4.18,Oakland Raiders / 1st / 24th pick / 2017
James Conner,RB,Pittsburgh,College Stats,6-1,233,4.65,29.0,20,113,,,Pittsburgh Steelers / 3rd / 105th pick / 2017
Dalvin Cook,RB,Florida State,College Stats,5-10,210,4.49,30.5,22,116,7.27,4.53,Minnesota Vikings / 2nd / 41st pick / 2017
Ethan Cooper,OG,Indiana (PA),,6-2,322,5.36,24.5,26,99,8.02,4.88,
Zach Cunningham,OLB,Vanderbilt,College Stats,6-3,234,4.67,35.0,15,125,7.03,4.29,Houston Texans / 2nd / 57th pick / 2017
Darrell Daniels,TE,Washington,College Stats,6-3,247,4.55,32.0,17,116,7.09,4.47,
Amara Darboh,WR,Michigan,College Stats,6-2,214,4.45,36.0,17,124,,,Seattle Seahawks / 3rd / 106th pick / 2017
Julien Davenport,OT,Bucknell,,6-7,318,5.45,27.0,18,106,7.57,4.69,
Corey Davis,WR,West. Michigan,College Stats,6-3,209,,,,,,,Tennessee Titans / 1st / 5th pick / 2017
Jarrad Davis,ILB,Florida,College Stats,6-1,238,,,,,,,Detroit Lions / 1st / 21st pick / 2017
Justin Davis,RB,USC,College Stats,6-1,208,,,21,,,,
Kevin Davis,ILB,Colorado State,College Stats,6-2,235,4.91,30.5,11,110,7.18,4.38,
Keionta Davis,DE,Tenn-Chattanooga,,6-3,271,,,,,,,
Robert Davis,WR,Georgia State,College Stats,6-3,219,4.44,41.0,19,136,6.82,4.28,Washington Redskins / 6th / 209th pick / 2017
Dion Dawkins,OG,Temple,College Stats,6-4,314,5.11,26.0,26,106,7.30,4.78,Buffalo Bills / 2nd / 63rd pick / 2017
Matthew Dayes,RB,North Carolina State,College Stats,5-9,205,4.47,28.0,18,109,,,Cleveland Browns / 7th / 252nd pick / 2017
Treston DeCoud,CB,Oregon State,College Stats,6-2,206,4.62,31.0,11,116,,,Houston Texans / 5th / 169th pick / 2017
J.J. Dielman,OT,Utah,College Stats,6-5,309,,,27,,,,Cincinnati Bengals / 5th / 176th pick / 2017
Joshua Dobbs,QB,Tennessee,College Stats,6-3,216,4.64,33.0,,122,6.75,4.31,Pittsburgh Steelers / 4th / 135th pick / 2017
Dylan Donahue,OLB,West Georgia,,6-3,248,4.75,29.5,26,116,7.02,4.46,New York Jets / 5th / 181st pick / 2017
Rasul Douglas,CB,West Virginia,College Stats,6-2,209,4.59,33.5,16,120,6.97,4.26,Philadelphia Eagles / 3rd / 99th pick / 2017
Jessamen Dunker,OG,Tennessee State,,6-4,318,4.98,28.5,23,108,,,
Malachi Dupre,WR,LSU,College Stats,6-2,196,4.52,39.5,11,135,7.19,4.26,Green Bay Packers / 7th / 247th pick / 2017
Travin Dural,WR,LSU,College Stats,6-1,202,4.57,30.5,,116,7.29,4.55,
Ken Ekanem,DE,Virginia Tech,College Stats,6-3,257,4.88,30.5,,115,7.38,4.58,
Corn Elder,CB,Miami (FL),College Stats,5-10,183,4.55,,,,,,Carolina Panthers / 5th / 152nd pick / 2017
Pat Elflein,C,Ohio State,College Stats,6-3,303,5.32,23.5,22,99,7.94,4.71,Minnesota Vikings / 3rd / 70th pick / 2017
Jake Elliott,K,Memphis,College Stats,5-9,167,4.79,,,,,,Cincinnati Bengals / 5th / 153rd pick / 2017
Brooks Ellis,ILB,Arkansas,College Stats,6-2,240,4.79,29.5,18,115,6.80,4.25,
Jermaine Eluemunor,OG,Texas A&M,College Stats,6-4,332,5.22,,34,,,,Baltimore Ravens / 5th / 159th pick / 2017
Evan Engram,TE,Mississippi,College Stats,6-3,234,4.42,36.0,19,125,6.92,4.23,New York Giants / 1st / 23rd pick / 2017
Amba Etta-Tawo,WR,Syracuse,College Stats,6-1,208,4.49,31.0,14,126,6.95,4.32,
Jerod Evans,QB,Virginia Tech,College Stats,6-3,232,4.80,26.5,,112,,4.41,
Justin Evans,S,Texas A&M,College Stats,6-0,199,,,14,,,,Tampa Bay Buccaneers / 2nd / 50th pick / 2017
Gerald Everett,TE,South Alabama,College Stats,6-3,239,4.62,37.5,22,126,6.99,4.33,Los Angeles Rams / 2nd / 44th pick / 2017
Dan Feeney,OG,Indiana,College Stats,6-4,305,5.24,28.0,26,101,7.52,4.68,Los Angeles Chargers / 3rd / 71st pick / 2017
Devonte Fields,OLB,Louisville,College Stats,6-2,236,4.72,34.0,,124,7.40,4.50,
Isaiah Ford,WR,Virginia Tech,College Stats,6-1,194,4.61,35.5,14,127,6.94,4.34,Miami Dolphins / 7th / 237th pick / 2017
Johnathan Ford,S,Auburn,College Stats,5-11,205,,,20,,,,Arizona Cardinals / 6th / 208th pick / 2017
D'Onta Foreman,RB,Texas,College Stats,6-0,233,,,18,,,,Houston Texans / 3rd / 89th pick / 2017
Reuben Foster,ILB,Alabama,College Stats,6-0,229,,,,,,,San Francisco 49ers / 1st / 31st pick / 2017
Leonard Fournette,RB,LSU,College Stats,6-0,240,4.51,28.5,,,,,Jacksonville Jaguars / 1st / 4th pick / 2017
Kyle Fuller,C,Baylor,College Stats,6-5,307,5.24,26.0,23,96,7.71,4.84,Houston Texans / 7th / 243rd pick / 2017
Wayne Gallman,RB,Clemson,College Stats,6-0,215,4.60,29.5,21,120,7.17,4.28,New York Giants / 4th / 140th pick / 2017
Antonio Garcia,OT,Troy,College Stats,6-6,302,5.15,31.0,24,108,7.98,4.94,New England Patriots / 3rd / 85th pick / 2017
Myles Garrett,DE,Texas A&M,College Stats,6-4,272,4.64,41.0,33,128,,,Cleveland Browns / 1st / 1st pick / 2017
Davon Gaudchaux,DT,LSU,College Stats,6-3,310,5.27,,18,,,,Miami Dolphins / 5th / 178th pick / 2017
Ben Gedeon,ILB,Michigan,College Stats,6-2,244,4.75,34.5,27,119,6.98,4.13,Minnesota Vikings / 4th / 120th pick / 2017
Player,Pos,School,College,Ht,Wt,40yd,Vertical,Bench,Broad Jump,3Cone,Shuttle,Drafted (tm/rnd/yr)
Avery Gennesy,OG,Texas A&M,College Stats,6-3,318,5.35,20.0,24,91,8.08,5.00,
Nate Gerry,S,Nebraska,College Stats,6-2,218,4.58,30.5,17,122,,,Philadelphia Eagles / 5th / 184th pick / 2017
Shelton Gibson,WR,West Virginia,College Stats,5-11,191,4.50,32.0,8,118,6.83,4.20,Philadelphia Eagles / 5th / 166th pick / 2017
Ryan Glasgow,DT,Michigan,College Stats,6-3,302,5.13,27.5,20,105,7.55,4.50,Cincinnati Bengals / 4th / 138th pick / 2017
Chris Godwin,WR,Penn State,College Stats,6-1,209,4.42,36.0,19,126,7.01,4.00,Tampa Bay Buccaneers / 3rd / 84th pick / 2017
Kenny Golladay,WR,Northern Illinois,College Stats,6-4,218,4.50,35.5,18,120,7.00,4.15,Detroit Lions / 3rd / 96th pick / 2017
Zane Gonzalez,K,Arizona State,College Stats,6-0,202,,,,,,,Cleveland Browns / 7th / 224th pick / 2017
Shaquill Griffin,CB,Central Florida,College Stats,6-0,194,4.38,38.5,17,132,6.87,4.14,Seattle Seahawks / 3rd / 90th pick / 2017
Nate Hairston,CB,Temple,College Stats,6-0,196,4.52,35.5,14,118,,,Indianapolis Colts / 5th / 158th pick / 2017
Daeshon Hall,DE,Texas A&M,College Stats,6-5,266,4.76,36.0,18,123,7.03,4.38,Carolina Panthers / 3rd / 77th pick / 2017
Chad Hansen,WR,California,College Stats,6-2,202,4.53,35.0,11,119,6.74,4.13,New York Jets / 4th / 141st pick / 2017
Sean Harlow,OG,Oregon State,College Stats,6-4,303,5.15,30.5,26,105,8.16,4.81,Atlanta Falcons / 4th / 136th pick / 2017
Connor Harris,ILB,Lindenwood,,5-11,242,4.73,33.0,18,114,7.13,4.31,
Charles Harris,DE,Missouri,College Stats,6-3,253,4.82,32.0,21,109,7.47,4.42,Miami Dolphins / 1st / 22nd pick / 2017
Josh Harvey-Clemons,S,Louisville,College Stats,6-4,217,,31.5,12,121,,,Washington Redskins / 7th / 230th pick / 2017
Keon Hatcher,WR,Arkansas,College Stats,6-1,212,4.64,,16,,,,
DeAngelo Henderson,RB,Coastal Carolina,,5-7,208,4.48,34.0,20,120,,,
Carlos Henderson,WR,Louisiana Tech,College Stats,5-11,199,4.46,36.0,13,131,7.18,4.35,Denver Broncos / 3rd / 82nd pick / 2017
Trey Hendrickson,DE,Florida Atlantic,College Stats,6-4,266,4.65,33.5,,122,7.03,4.20,New Orleans Saints / 3rd / 103rd pick / 2017
Treyvon Hester,DT,Toledo,College Stats,6-2,300,,,,,,,Oakland Raiders / 7th / 244th pick / 2017
Cole Hikutini,TE,Louisville,College Stats,6-4,247,,,20,,,,
Brian Hill,RB,Wyoming,College Stats,6-1,219,4.54,34.0,15,125,7.03,4.32,Atlanta Falcons / 5th / 156th pick / 2017
Delano Hill,S,Michigan,College Stats,6-1,216,4.47,33.5,17,115,6.96,4.27,Seattle Seahawks / 3rd / 95th pick / 2017
Bucky Hodges,TE,Virginia Tech,College Stats,6-6,257,4.57,39.0,18,134,,4.45,Minnesota Vikings / 6th / 201st pick / 2017
Colin Holba,LS,Louisville,College Stats,6-4,248,5.19,28.0,,115,,,Pittsburgh Steelers / 6th / 213th pick / 2017
Will Holden,OT,Vanderbilt,College Stats,6-7,311,5.47,28.0,23,111,7.71,4.72,Arizona Cardinals / 5th / 157th pick / 2017
Mack Hollins,WR,North Carolina,College Stats,6-4,221,4.53,,,,,,Philadelphia Eagles / 4th / 118th pick / 2017
Elijah Hood,RB,North Carolina,College Stats,6-0,232,,,18,,,,Oakland Raiders / 7th / 242nd pick / 2017
Malik Hooker,S,Ohio State,College Stats,6-1,206,,,,,,,Indianapolis Colts / 1st / 15th pick / 2017
Bug Howard,WR,North Carolina,College Stats,6-4,221,4.58,37.5,,119,6.95,4.14,
O.J. Howard,TE,Alabama,College Stats,6-6,251,4.51,30.0,22,121,6.85,4.16,Tampa Bay Buccaneers / 1st / 19th pick / 2017
Marlon Humphrey,CB,Alabama,College Stats,6-0,197,4.41,,10,125,6.75,,Baltimore Ravens / 1st / 16th pick / 2017
Hayden Hunt,P,Colorado State,College Stats,6-0,212,,,,,,,
Kareem Hunt,RB,Toledo,College Stats,5-10,216,4.62,36.5,18,119,,,Kansas City Chiefs / 3rd / 86th pick / 2017
Rushel Shell III,RB,West Virginia,College Stats,5-10,227,4.74,32.5,21,,,,
Danny Isidora,OG,Miami (FL),College Stats,6-3,306,5.03,29.0,26,94,8.13,4.90,Minnesota Vikings / 5th / 180th pick / 2017
Adoree Jackson,CB,USC,College Stats,5-10,186,4.42,36.0,,122,,,Tennessee Titans / 1st / 18th pick / 2017
Eddie Jackson,S,Alabama,College Stats,6-0,201,,,10,,,,Chicago Bears / 4th / 112th pick / 2017
Rayshawn Jenkins,S,Miami (FL),College Stats,6-1,214,4.51,37.0,19,128,,,Los Angeles Chargers / 4th / 113th pick / 2017
Dorian Johnson,OG,Pittsburgh,College Stats,6-5,300,5.27,30.0,21,114,8.39,5.09,Arizona Cardinals / 4th / 115th pick / 2017
Jadar Johnson,S,Clemson,College Stats,6-0,206,4.60,33.0,19,119,6.90,4.20,
Jaleel Johnson,DT,Iowa,College Stats,6-3,316,5.38,28.0,19,100,7.64,4.62,Minnesota Vikings / 4th / 109th pick / 2017
John Johnson,S,Troy,College Stats,6-1,205,4.61,37.0,14,119,6.72,4.18,Los Angeles Rams / 3rd / 91st pick / 2017
Roderick Johnson,OT,Florida State,College Stats,6-7,298,,,,,,,Cleveland Browns / 5th / 160th pick / 2017
Cameron Johnston,P,Ohio State,College Stats,5-11,194,4.92,,,,,,
Aaron Jones,RB,Texas-El Paso,College Stats,5-9,208,4.56,37.5,16,127,6.82,4.20,Green Bay Packers / 5th / 182nd pick / 2017
D.J. Jones,DT,Akron,College Stats,6-1,319,5.04,28.5,25,108,7.73,4.65,San Francisco 49ers / 6th / 198th pick / 2017
Jarron Jones,DT,Notre Dame,College Stats,6-6,316,5.33,20.5,22,,,,
Josh Jones,S,North Carolina State,College Stats,6-1,220,4.41,37.5,20,132,,,Green Bay Packers / 2nd / 61st pick / 2017
Nazair Jones,DT,North Carolina,College Stats,6-5,304,5.11,24.5,,101,7.93,4.63,Seattle Seahawks / 3rd / 102nd pick / 2017
Player,Pos,School,College,Ht,Wt,40yd,Vertical,Bench,Broad Jump,3Cone,Shuttle,Drafted (tm/rnd/yr)
Sidney Jones,CB,Washington,College Stats,6-0,186,4.47,33.5,,123,7.02,4.28,Philadelphia Eagles / 2nd / 43rd pick / 2017
Zay Jones,WR,East Carolina,,6-2,201,4.45,36.5,15,133,6.79,4.01,Buffalo Bills / 2nd / 37th pick / 2017
Victor Bolden Jr.,WR,Oregon State,College Stats,5-8,178,4.54,32.0,9,117,6.83,4.22,
Bryan Cox Jr.,DE,Florida,College Stats,6-3,265,4.89,26.5,16,109,7.36,4.46,
Anthony Walker Jr.,ILB,Northwestern,College Stats,6-1,238,4.65,30.5,23,116,7.23,4.34,Indianapolis Colts / 5th / 161st pick / 2017
Greg Ward Jr.,WR,Houston,College Stats,5-11,186,,,10,,,,
Deatrich Wise Jr.,DE,Arkansas,College Stats,6-5,274,4.92,33.0,22,124,,,New England Patriots / 4th / 131st pick / 2017
Brad Kaaya,QB,Miami (FL),College Stats,6-4,214,,,,,,,Detroit Lions / 6th / 215th pick / 2017
Alvin Kamara,RB,Tennessee,College Stats,5-10,214,4.56,39.5,15,131,,,New Orleans Saints / 3rd / 67th pick / 2017
Damontae Kazee,CB,San Diego State,College Stats,5-10,184,4.54,34.0,11,124,,,Atlanta Falcons / 5th / 149th pick / 2017
Keith Kelsey,ILB,Louisville,College Stats,6-0,233,4.92,29.5,23,112,7.28,4.56,
Desmond King,S,Iowa,College Stats,5-10,201,,34.0,14,117,6.67,4.18,Los Angeles Chargers / 5th / 151st pick / 2017
Kevin King,CB,Washington,College Stats,6-3,200,4.43,39.5,11,,6.56,3.89,Green Bay Packers / 2nd / 33rd pick / 2017
George Kittle,TE,Iowa,College Stats,6-4,247,4.52,35.0,18,132,,,San Francisco 49ers / 5th / 146th pick / 2017
DeShone Kizer,QB,Notre Dame,College Stats,6-4,233,4.83,30.5,,107,7.40,4.53,Cleveland Browns / 2nd / 52nd pick / 2017
Trevor Knight,QB,Texas A&M,College Stats,6-1,219,4.54,35.5,,125,7.04,4.14,
Tanoh Kpassagnon,DE,Villanova,,6-7,289,4.83,30.0,23,128,7.46,4.62,Kansas City Chiefs / 2nd / 59th pick / 2017
Cooper Kupp,WR,East. Washington,,6-2,204,4.62,31.0,,116,6.75,4.08,Los Angeles Rams / 3rd / 69th pick / 2017
Forrest Lamp,OG,Western Kentucky,College Stats,6-4,309,5.00,27.5,34,111,7.55,4.62,Los Angeles Chargers / 2nd / 38th pick / 2017
Ashton Lampkin,CB,Oklahoma State,College Stats,6-0,189,4.52,34.5,19,120,,,
Jerome Lane,WR,Akron,College Stats,6-2,226,4.60,35.0,16,125,6.87,4.12,
Harvey Langi,ILB,BYU,College Stats,6-2,251,,33.0,23,118,7.00,4.32,
Marshon Lattimore,CB,Ohio State,College Stats,6-0,193,4.36,38.5,,132,,,New Orleans Saints / 1st / 11th pick / 2017
Carl Lawson,DE,Auburn,College Stats,6-2,261,4.67,33.0,35,114,7.46,4.19,Cincinnati Bengals / 4th / 116th pick / 2017
Javarius Leamon,OT,South Carolina State,,6-7,332,,23.5,22,,,,
Jeremiah Ledbetter,DT,Arkansas,College Stats,6-3,280,4.84,32.5,29,113,7.55,4.56,Detroit Lions / 6th / 205th pick / 2017
Cameron Lee,OG,Illinois State,,6-5,312,5.44,25.5,18,100,8.02,4.75,
Marquel Lee,ILB,Wake Forest,College Stats,6-3,240,,31.0,25,118,,,Oakland Raiders / 5th / 168th pick / 2017
Jordan Leggett,TE,Clemson,College Stats,6-5,258,,33.0,18,114,7.12,4.33,New York Jets / 5th / 150th pick / 2017
Mitch Leidner,QB,Minnesota,College Stats,6-3,226,4.93,34.5,,123,6.96,4.25,
Corey Levin,OG,Tenn-Chattanooga,,6-4,307,5.16,26.5,26,106,7.55,4.73,Tennessee Titans / 6th / 217th pick / 2017
Jourdan Lewis,CB,Michigan,College Stats,5-10,188,4.54,34.5,15,121,,,Dallas Cowboys / 3rd / 92nd pick / 2017
William Likely,CB,Maryland,College Stats,5-7,180,,,15,,,,
Sefo Liufau,QB,Colorado,College Stats,6-3,232,5.08,27.0,,105,7.32,4.45,
T.J. Logan,RB,North Carolina,College Stats,5-9,196,4.37,33.5,17,121,,,Arizona Cardinals / 5th / 179th pick / 2017
Shalom Luani,S,Washington State,College Stats,5-11,202,4.55,31.0,12,116,6.87,4.21,Oakland Raiders / 7th / 221st pick / 2017
Keevan Lucas,WR,Tulsa,College Stats,5-9,192,4.55,32.5,11,119,7.23,4.43,
Marlon Mack,RB,South Florida,College Stats,5-11,213,4.50,35.5,15,125,,,Indianapolis Colts / 4th / 143rd pick / 2017
Patrick Mahomes,QB,Texas Tech,College Stats,6-2,225,4.80,30.0,,114,6.88,4.08,Kansas City Chiefs / 1st / 10th pick / 2017
Josh Malone,WR,Tennessee,College Stats,6-3,208,4.40,30.5,10,121,7.05,4.19,Cincinnati Bengals / 4th / 128th pick / 2017
Damien Mama,OG,USC,College Stats,6-3,334,5.84,24.5,,96,8.51,5.38,
Gabe Marks,WR,Washington State,College Stats,5-11,189,4.56,29.5,11,117,7.01,4.20,
Joe Mathis,DE,Washington,College Stats,6-2,266,,,24,,,,
Arthur Maulet,CB,Memphis,College Stats,5-10,189,4.62,34.5,18,120,,,
Marcus Maye,S,Florida,College Stats,6-0,210,,,,,,,New York Jets / 2nd / 39th pick / 2017
Christian McCaffrey,RB,Stanford,College Stats,5-11,202,4.48,37.5,10,121,6.57,4.22,Carolina Panthers / 1st / 8th pick / 2017
Conor McDermott,OT,UCLA,College Stats,6-8,307,5.18,28.5,,105,7.52,4.58,New England Patriots / 6th / 211th pick / 2017
Malik McDowell,DT,Michigan State,College Stats,6-6,295,4.85,28.5,23,112,7.69,4.53,Seattle Seahawks / 2nd / 35th pick / 2017
Elijah McGuire,RB,Louisiana,College Stats,5-10,214,4.53,36.0,15,120,7.26,4.56,New York Jets / 6th / 188th pick / 2017
Isaiah McKenzie,WR,Georgia,College Stats,5-7,173,4.42,36.0,11,123,6.64,4.15,Denver Broncos / 5th / 172nd pick / 2017
Player,Pos,School,College,Ht,Wt,40yd,Vertical,Bench,Broad Jump,3Cone,Shuttle,Drafted (tm/rnd/yr)
Takkarist McKinley,OLB,UCLA,College Stats,6-2,250,4.59,33.0,24,122,7.48,4.62,Atlanta Falcons / 1st / 26th pick / 2017
Raekwon McMillan,ILB,Ohio State,College Stats,6-2,240,4.61,33.0,23,121,7.15,4.39,Miami Dolphins / 2nd / 54th pick / 2017
Jeremy McNichols,RB,Boise State,College Stats,5-9,214,4.49,35.5,,121,6.93,4.28,Tampa Bay Buccaneers / 5th / 162nd pick / 2017
Obi Melifonwu,S,Connecticut,College Stats,6-4,224,4.40,44.0,17,141,,,Oakland Raiders / 2nd / 56th pick / 2017
Matt Milano,OLB,Boston Col.,College Stats,6-0,223,4.67,35.0,24,126,,,Buffalo Bills / 5th / 163rd pick / 2017
Fabian Moreau,CB,UCLA,College Stats,6-0,206,4.35,38.0,,136,6.94,4.12,Washington Redskins / 3rd / 81st pick / 2017
Drew Morgan,WR,Arkansas,College Stats,6-0,190,4.74,30.0,10,112,6.85,4.12,
Jordan Morgan,OG,Kutztown Pennsylvania,,6-3,309,5.36,27.0,21,102,8.13,4.73,Chicago Bears / 5th / 147th pick / 2017
Avery Moss,DE,Youngstown State,,6-3,264,4.79,32.5,14,114,7.25,4.43,New York Giants / 5th / 167th pick / 2017
Taylor Moton,OT,West. Michigan,College Stats,6-5,319,5.18,30.5,23,109,7.73,4.58,Carolina Panthers / 2nd / 64th pick / 2017
Al-Quadin Muhammad,DE,Miami (FL),College Stats,6-3,253,4.88,30.5,22,117,7.25,4.47,New Orleans Saints / 6th / 196th pick / 2017
Jalen Myrick,CB,Minnesota,College Stats,5-10,200,4.28,37.5,13,124,7.06,4.22,Jacksonville Jaguars / 7th / 222nd pick / 2017
Montae Nicholson,S,Michigan State,College Stats,6-2,212,4.42,35.0,,125,,,Washington Redskins / 4th / 123rd pick / 2017
Hardy Nickerson,ILB,Illinois,College Stats,6-0,232,4.78,33.0,18,116,,4.38,
David Njoku,TE,Miami (FL),College Stats,6-4,246,4.64,37.5,21,133,6.97,4.34,Cleveland Browns / 1st / 29th pick / 2017
Speedy Noil,WR,Texas A&M,College Stats,5-11,199,,43.5,18,133,,,
Bradley Northnagel,LS,California,College Stats,6-2,243,5.30,25.5,,99,,,
Noble Nwachukwu,DE,West Virginia,College Stats,6-1,268,4.83,30.5,27,110,,,
Ifeadi Odenigbo,DE,Northwestern,College Stats,6-3,258,4.72,31.5,25,128,7.26,4.40,Minnesota Vikings / 7th / 220th pick / 2017
Dare Ogunbowale,RB,Wisconsin,College Stats,5-11,213,4.65,35.0,14,120,6.99,4.34,
Larry Ogunjobi,DE,Charlotte,College Stats,6-3,305,4.97,32.0,26,116,7.55,4.75,Cleveland Browns / 3rd / 65th pick / 2017
Tyler Orlosky,C,West Virginia,College Stats,6-3,298,,,24,,,,
Scott Orndoff,TE,Pittsburgh,College Stats,6-5,253,4.84,27.0,17,112,7.37,4.45,
Zach Pascal,WR,Old Dominion,College Stats,6-2,219,4.55,36.0,14,126,7.11,4.29,
Jabrill Peppers,S,Michigan,College Stats,5-11,213,4.46,35.5,19,128,,,Cleveland Browns / 1st / 25th pick / 2017
Samaje Perine,RB,Oklahoma,College Stats,5-11,233,4.65,33.0,30,116,7.26,4.37,Washington Redskins / 4th / 114th pick / 2017
Nathan Peterman,QB,Pittsburgh,College Stats,6-2,226,4.82,31.0,,110,7.14,4.31,Buffalo Bills / 5th / 171st pick / 2017
Carroll Phillips,OLB,Illinois,College Stats,6-3,242,4.64,30.0,23,123,7.06,4.37,
Hayden Plinke,TE,Texas-El Paso,College Stats,6-4,264,4.97,28.0,18,109,7.55,4.59,
Ethan Pocic,C,LSU,College Stats,6-6,310,5.15,27.0,26,107,7.89,4.81,Seattle Seahawks / 2nd / 58th pick / 2017
Ejuan Price,OLB,Pittsburgh,College Stats,5-11,241,4.84,31.5,20,117,,4.34,Los Angeles Rams / 7th / 234th pick / 2017
Donnel Pumphrey,RB,San Diego State,College Stats,5-8,176,4.48,33.5,5,117,,,Philadelphia Eagles / 4th / 132nd pick / 2017
Elijah Qualls,DT,Washington,College Stats,6-1,313,5.13,31.5,33,105,7.65,4.66,Philadelphia Eagles / 6th / 214th pick / 2017
James Quick,WR,Louisville,College Stats,6-0,186,4.60,31.0,11,115,7.00,4.39,
Ryan Ramczyk,OT,Wisconsin,College Stats,6-6,310,,,25,,,,New Orleans Saints / 1st / 32nd pick / 2017
Michael Rector,WR,Stanford,College Stats,6-0,193,4.42,36.5,,129,6.77,4.19,
Haason Reddick,OLB,Temple,College Stats,6-1,237,4.52,36.5,24,133,7.01,4.37,Arizona Cardinals / 1st / 13th pick / 2017
Devine Redding,RB,Indiana,College Stats,5-8,205,4.76,30.5,16,116,7.18,4.46,
Jalen Reeves-Maybin,OLB,Tennessee,College Stats,6-0,230,,,,,,,Detroit Lions / 4th / 124th pick / 2017
Austin Rehkow,P,Idaho,College Stats,6-3,214,,,,,,,
Josh Reynolds,WR,Texas A&M,College Stats,6-3,194,4.52,37.0,,124,6.83,4.13,Los Angeles Rams / 4th / 117th pick / 2017
Duke Riley,OLB,LSU,College Stats,6-0,232,4.58,34.5,18,122,6.89,4.21,Atlanta Falcons / 3rd / 75th pick / 2017
Derek Rivers,DE,Youngstown State,,6-4,248,4.61,35.0,30,123,6.94,4.40,New England Patriots / 3rd / 83rd pick / 2017
Michael Roberts,TE,Toledo,College Stats,6-4,270,4.86,30.0,,110,7.05,4.51,Detroit Lions / 4th / 127th pick / 2017
Jalen Robinette,WR,Air Force,College Stats,6-3,220,4.62,31.5,13,120,6.77,4.46,
Ezra Robinson,CB,Tennessee State,,5-11,189,4.47,34.0,13,130,,,
Cam Robinson,OT,Alabama,College Stats,6-6,322,5.15,26.0,,106,7.81,4.82,Jacksonville Jaguars / 2nd / 34th pick / 2017
Isaac Rochell,DE,Notre Dame,College Stats,6-4,280,4.89,31.5,25,114,,,Los Angeles Chargers / 7th / 225th pick / 2017
Darreus Rogers,WR,USC,College Stats,6-1,216,,26.5,8,112,7.22,4.54,
Sam Rogers,FB,Virginia Tech,College Stats,5-10,231,4.93,32.0,19,114,7.27,4.34,Los Angeles Rams / 6th / 206th pick / 2017
Player,Pos,School,College,Ht,Wt,40yd,Vertical,Bench,Broad Jump,3Cone,Shuttle,Drafted (tm/rnd/yr)
Fred Ross,WR,Mississippi State,College Stats,6-1,213,4.51,35.0,10,113,6.99,4.28,
John Ross,WR,Washington,College Stats,5-11,188,4.22,37.0,,133,,,Cincinnati Bengals / 1st / 9th pick / 2017
Chase Roullier,C,Wyoming,College Stats,6-4,312,5.54,26.5,19,97,7.60,4.47,Washington Redskins / 6th / 199th pick / 2017
Travis Rudolph,WR,Florida State,College Stats,6-0,189,4.65,31.5,12,114,6.93,4.46,
Cooper Rush,QB,Central Michigan,College Stats,6-3,228,4.93,27.0,,105,7.23,4.47,
Seth Russell,QB,Baylor,College Stats,6-3,213,,,,,,,
Curtis Samuel,WR,Ohio State,College Stats,5-11,196,4.31,37.0,18,119,7.09,4.33,Carolina Panthers / 2nd / 40th pick / 2017
Eric Saubert,TE,Drake,,6-5,253,,33.0,22,121,,,Atlanta Falcons / 5th / 174th pick / 2017
Artavis Scott,WR,Clemson,College Stats,5-10,193,4.61,31.0,13,116,7.19,4.49,
Ricky Seals-Jones,WR,Texas A&M,College Stats,6-5,243,4.69,28.0,17,121,7.46,4.33,
Justin Senior,OT,Mississippi State,College Stats,6-5,331,5.55,23.0,,98,8.19,5.06,Seattle Seahawks / 6th / 210th pick / 2017
Adam Shaheen,TE,Ashland,,6-6,278,4.79,32.5,24,121,7.09,4.38,Chicago Bears / 2nd / 45th pick / 2017
David Sharpe,OT,Florida,College Stats,6-6,343,5.44,20.5,19,97,7.87,4.78,Oakland Raiders / 4th / 129th pick / 2017
Sojourn Shelton,CB,Wisconsin,College Stats,5-9,177,4.51,35.0,10,120,6.92,4.02,
Garrett Sickels,DE,Penn State,College Stats,6-3,261,4.90,28.0,20,105,7.21,4.41,
Nico Siragusa,OG,San Diego State,College Stats,6-4,319,5.35,32.0,28,110,7.71,4.56,Baltimore Ravens / 4th / 122nd pick / 2017
Dan Skipper,OT,Arkansas,College Stats,6-10,309,5.42,26.0,,97,7.61,5.01,
Tanzel Smart,DT,Tulane,College Stats,6-1,296,5.24,27.0,22,105,7.53,4.57,Los Angeles Rams / 6th / 189th pick / 2017
De'Veon Smith,RB,Michigan,College Stats,5-11,223,,29.0,22,108,7.30,4.56,
Jonnu Smith,TE,Florida International,College Stats,6-3,248,4.62,38.0,22,127,,4.18,Tennessee Titans / 3rd / 100th pick / 2017
JuJu Smith-Schuster,WR,USC,College Stats,6-1,215,4.54,32.5,15,120,,,Pittsburgh Steelers / 2nd / 62nd pick / 2017
Dawuane Smoot,DE,Illinois,College Stats,6-3,264,4.77,29.5,,117,7.18,4.39,Jacksonville Jaguars / 3rd / 68th pick / 2017
Jeremy Sprinkle,TE,Arkansas,College Stats,6-5,252,4.69,29.0,,116,,,Washington Redskins / 5th / 154th pick / 2017
Jamari Staples,WR,Louisville,College Stats,6-3,195,4.51,36.0,,130,,,
Freddie Stevenson,FB,Florida State,College Stats,6-0,234,4.75,28.0,24,111,7.65,4.45,
ArDarius Stewart,WR,Alabama,College Stats,5-11,204,4.49,34.0,,124,,,New York Jets / 3rd / 79th pick / 2017
Channing Stribling,CB,Michigan,College Stats,6-1,188,4.60,31.5,5,114,6.94,4.56,
Cameron Sutton,CB,Tennessee,College Stats,5-11,188,4.52,34.0,11,120,6.81,,Pittsburgh Steelers / 3rd / 94th pick / 2017
Ryan Switzer,WR,North Carolina,College Stats,5-8,181,4.51,32.0,11,116,6.77,4.00,Dallas Cowboys / 4th / 133rd pick / 2017
Teez Tabor,CB,Florida,College Stats,6-0,199,4.62,31.0,9,120,,,Detroit Lions / 2nd / 53rd pick / 2017
Cordrea Tankersley,CB,Clemson,College Stats,6-1,199,4.40,29.5,13,121,7.00,4.32,Miami Dolphins / 3rd / 97th pick / 2017
Pita Taumoepenu,OLB,Utah,College Stats,6-1,243,4.67,28.5,24,112,6.91,4.33,San Francisco 49ers / 6th / 202nd pick / 2017
Taywan Taylor,WR,Western Kentucky,College Stats,5-11,203,4.50,33.5,13,132,6.57,4.21,Tennessee Titans / 3rd / 72nd pick / 2017
Trent Taylor,WR,Louisiana Tech,College Stats,5-8,181,4.63,33.0,13,117,6.74,4.01,San Francisco 49ers / 5th / 177th pick / 2017
Vincent Taylor,DT,Oklahoma State,College Stats,6-3,304,5.07,28.5,26,108,7.58,4.72,Miami Dolphins / 6th / 194th pick / 2017
Sam Tevi,OT,Utah,College Stats,6-5,311,5.27,26.0,15,107,7.84,4.60,Los Angeles Chargers / 6th / 190th pick / 2017
Nate Theaker,OG,Wayne State (MI),,6-5,315,5.41,27.0,23,105,7.97,4.89,
Jahad Thomas,RB,Temple,College Stats,5-10,190,4.62,32.0,11,116,,,
Noel Thomas,WR,Connecticut,College Stats,6-0,205,4.63,32.5,9,118,,,
Solomon Thomas,DE,Stanford,College Stats,6-3,273,4.69,35.0,30,126,6.95,4.28,San Francisco 49ers / 1st / 3rd pick / 2017
Tedric Thompson,S,Colorado,College Stats,6-0,204,4.60,32.5,17,117,7.11,4.36,Seattle Seahawks / 4th / 111th pick / 2017
Jack Tocho,CB,North Carolina State,College Stats,6-0,202,4.54,35.0,21,125,,,Minnesota Vikings / 7th / 245th pick / 2017
Dalvin Tomlinson,DT,Alabama,College Stats,6-3,310,5.19,27.0,,110,7.68,4.59,New York Giants / 2nd / 55th pick / 2017
Jon Toth,C,Kentucky,College Stats,6-5,307,5.51,25.5,21,100,8.09,4.84,
Damarius Travis,S,Minnesota,College Stats,6-1,206,,32.5,13,115,7.08,4.28,
Mitchell Trubisky,QB,North Carolina,College Stats,6-2,222,4.67,27.5,,116,6.87,4.25,Chicago Bears / 1st / 2nd pick / 2017
Stevie Tu'Ikolovatu,DT,USC,College Stats,6-1,331,5.45,24.5,28,91,7.83,5.00,Tampa Bay Buccaneers / 7th / 223rd pick / 2017
Michael Tyson,S,Cincinnati,College Stats,6-1,204,4.56,33.0,17,118,,,Seattle Seahawks / 6th / 187th pick / 2017
Jerry Ugokwe,OT,William & Mary,,6-7,321,5.61,26.0,18,103,8.35,5.17,
Conrad Ukropina,K,Stanford,College Stats,6-0,190,,,,,,,
Player,Pos,School,College,Ht,Wt,40yd,Vertical,Bench,Broad Jump,3Cone,Shuttle,Drafted (tm/rnd/yr)
Tanner Vallejo,ILB,Boise State,College Stats,6-1,228,4.67,33.5,,121,,4.39,Buffalo Bills / 6th / 195th pick / 2017
Eddie Vanderdoes,DT,UCLA,College Stats,6-3,305,4.99,28.5,28,111,7.69,4.39,Oakland Raiders / 3rd / 88th pick / 2017
Justin Vogel,P,Miami (FL),College Stats,6-4,219,4.70,34.0,,,,,
Charles Walker,DT,Oklahoma,College Stats,6-2,310,4.96,28.0,25,107,7.89,4.96,
DeMarcus Walker,DE,Florida State,College Stats,6-4,280,,,18,,,,Denver Broncos / 2nd / 51st pick / 2017
Carlos Watkins,DT,Clemson,College Stats,6-3,309,,,25,,,,Houston Texans / 4th / 142nd pick / 2017
Deshaun Watson,QB,Clemson,College Stats,6-2,221,4.66,32.5,,119,6.95,4.31,Houston Texans / 1st / 12th pick / 2017
T.J. Watt,OLB,Wisconsin,College Stats,6-4,252,4.69,37.0,21,128,6.79,4.13,Pittsburgh Steelers / 1st / 30th pick / 2017
Davis Webb,QB,California,College Stats,6-5,229,4.79,33.0,,118,6.92,4.21,New York Giants / 3rd / 87th pick / 2017
Dede Westbrook,WR,Oklahoma,College Stats,6-0,178,,,,,,,Jacksonville Jaguars / 4th / 110th pick / 2017
Chad Wheeler,OT,USC,College Stats,6-7,306,5.48,20.5,15,105,,5.01,
Marquez White,CB,Florida State,College Stats,6-0,194,4.59,36.0,,123,,,Dallas Cowboys / 6th / 216th pick / 2017
TreDavious White,CB,LSU,College Stats,5-11,192,4.47,32.0,16,119,6.90,4.32,Buffalo Bills / 1st / 27th pick / 2017
Kermit Whitfield,WR,Florida State,College Stats,5-8,185,4.44,32.5,8,120,7.17,4.37,
Jamaal Williams,RB,BYU,College Stats,6-0,212,4.59,30.0,,123,7.25,4.53,Green Bay Packers / 4th / 134th pick / 2017
Joe Williams,RB,Utah,College Stats,5-11,210,4.41,35.0,14,125,7.19,4.19,San Francisco 49ers / 4th / 121st pick / 2017
Marcus Williams,S,Utah,College Stats,6-1,202,4.56,43.5,14,129,6.85,4.20,New Orleans Saints / 2nd / 42nd pick / 2017
Mike Williams,WR,Clemson,College Stats,6-4,218,,32.5,15,121,,,Los Angeles Chargers / 1st / 7th pick / 2017
Stanley Williams,RB,Kentucky,College Stats,5-7,190,4.51,36.0,18,121,6.86,4.18,
Tim Williams,OLB,Alabama,College Stats,6-3,244,4.68,33.5,,124,7.36,4.57,Baltimore Ravens / 3rd / 78th pick / 2017
Jordan Willis,DE,Kansas State,College Stats,6-4,255,4.53,39.0,24,125,6.85,4.28,Cincinnati Bengals / 3rd / 73rd pick / 2017
Howard Wilson,CB,Houston,College Stats,6-1,184,4.57,33.5,,119,6.68,3.94,Cleveland Browns / 4th / 126th pick / 2017
Jesus Wilson,WR,Florida State,College Stats,5-9,189,4.57,,10,119,,4.57,
Quincy Wilson,CB,Florida,College Stats,6-1,211,4.54,32.0,14,118,6.86,4.02,Indianapolis Colts / 2nd / 46th pick / 2017
Ahkello Witherspoon,CB,Colorado,College Stats,6-3,198,4.45,40.5,,127,6.93,4.13,San Francisco 49ers / 3rd / 66th pick / 2017
Xavier Woods,S,Louisiana Tech,College Stats,5-11,197,4.54,33.5,19,122,6.72,4.13,Dallas Cowboys / 6th / 191st pick / 2017
Chris Wormley,DT,Michigan,College Stats,6-5,298,,,23,,,,Baltimore Ravens / 3rd / 74th pick / 2017
