"player","team","games","position","recTarg","recRec","recRec40s","recYds","recYds100Games","recTds","recTd40s","recDrops","catch","depth","ypt","ypr","rac","rzRecTarg","rzRecRec","rzRecTds","rzRecTargPct","rzRecRecPct","rzRecTdPct","ezRecTarg","ezRecTds","ezRecTargPct","ezRecRecPct","ezRecTdPct","rushCarries","rush40s","rushYds","rushYds100Games","rushTds","rushTd40s","ypc","yac","rushTa","tat","fumbles","rzRushCarries","rzRushTds","rzRushPct","rzRushTdPct","i5RushCarries","i5RushTds","i5RushPct","i5RushTdPct","patConversions","patAttempts","fantasyPts","ptsPerSnap","ptsPerTouch"
"Tom Kennedy","DET","1","WR","1","0","0","0","0","0","0","0","0","27","0","0","0","1","0","0","100","0","0","1","0","100","0","0","0","0","0","0","0","0","0","0","0","0","0","0","0","0","0","0","0","0","0","0","0","0","0",""
"Ashton Dulin","IND","1","WR","4","0","0","0","0","0","0","1","0","24.5","0","0","0","0","0","0","0","0","0","0","0","0","0","0","0","0","0","0","0","0","0","0","0","0","0","0","0","0","0","0","0","0","0","0","0","0","0",""
"Elijah Moore","NYJ","1","WR","6","6","0","67","0","0","0","0","100","5.83","11.17","11.17","5.33","0","0","0","0","0","0","0","0","0","0","0","1","0","4","0","0","0","4","0","0","0","0","0","0","0","0","0","0","0","0","0","0","10.1","0.34","1.44"
"Ja'Marr Chase","CIN","1","WR","7","3","0","32","0","1","0","2","42.9","4.14","4.57","10.67","7.67","3","1","1","42.9","33.3","100","3","1","42.9","33.3","100","1","0","9","0","0","0","9","1","0","0","0","0","0","0","0","0","0","0","0","0","0","11.6","0.22","2.9"
"Anthony Schwartz","CLV","1","WR","0","0","0","0","0","0","0","0","0","0","0","0","0","0","0","0","0","0","0","0","0","0","0","0","0","0","0","0","0","0","0","0","0","0","0","0","0","0","0","0","0","0","0","0","0","0","0",""
"Brandon Aiyuk","SF","1","WR","7","4","0","45","0","0","0","0","57.1","9.71","6.43","11.25","5.75","1","0","0","14.3","0","0","1","0","14.3","0","0","0","0","0","0","0","0","0","0","0","0","0","0","0","0","0","0","0","0","0","1","1","6.5","0.13","1.63"
"Jaylen Waddle","MIA","1","WR","10","4","0","29","0","0","0","0","40","7.7","2.9","7.25","3.25","3","1","0","30","25","0","0","0","0","0","0","0","0","0","0","0","0","0","0","0","0","0","0","0","0","0","0","0","0","0","0","0","4.9","0.08","1.23"
"CeeDee Lamb","DAL","1","WR","8","6","0","112","1","0","0","1","75","13.63","14","18.67","2.67","0","0","0","0","0","0","0","0","0","0","0","0","0","0","0","0","0","0","0","0","0","0","0","0","0","0","0","0","0","0","0","0","14.2","0.22","2.37"
"Jaelon Darden","TB","1","WR","3","3","0","11","0","0","0","0","100","-0.67","3.67","3.67","4.33","0","0","0","0","0","0","0","0","0","0","0","0","0","0","0","0","0","0","0","0","0","0","0","0","0","0","0","0","0","0","0","0","2.6","0.29","0.87"
"Nico Collins","HST","1","WR","4","4","0","55","0","0","0","0","100","10.5","13.75","13.75","3.25","0","0","0","0","0","0","0","0","0","0","0","0","0","0","0","0","0","0","0","0","0","0","0","0","0","0","0","0","0","0","0","0","7.5","0.19","1.88"
"Laviska Shenault Jr.","JAX","1","WR","4","2","0","13","0","0","0","1","50","4.75","3.25","6.5","6.5","0","0","0","0","0","0","0","0","0","0","0","1","0","8","0","0","0","8","6","0","0","0","0","0","0","0","0","0","0","0","0","0","3.1","0.06","1.03"
"DeVonta Smith","PHI","1","WR","3","1","0","15","0","0","0","1","33.3","21","5","15","0","0","0","0","0","0","0","0","0","0","0","0","0","0","0","0","0","0","0","0","0","0","0","0","0","0","0","0","0","0","0","0","0","2","0.05","2"
"Keelan Cole Sr.","NYJ","1","WR","4","3","0","25","0","0","0","0","75","8.5","6.25","8.33","1.33","1","0","0","25","0","0","1","0","25","0","0","0","0","0","0","0","0","0","0","0","0","0","0","0","0","0","0","0","0","0","0","1","4","0.07","1.33"
"Terry McLaurin","WAS","1","WR","6","3","0","23","0","0","0","0","50","10.5","3.83","7.67","1","3","1","0","50","33.3","0","1","0","16.7","0","0","1","0","12","0","0","0","12","5","1","1","0","0","0","0","0","0","0","0","0","0","0","5","0.08","1.25"
"Courtland Sutton","DEN","1","WR","4","2","0","40","0","0","0","0","50","13.75","10","20","3.5","0","0","0","0","0","0","0","0","0","0","0","0","0","0","0","0","0","0","0","0","0","0","0","0","0","0","0","0","0","0","0","0","5","0.11","2.5"
"Trent Sherfield","SF","1","WR","0","0","0","0","0","0","0","0","0","0","0","0","0","0","0","0","0","0","0","0","0","0","0","0","0","0","0","0","0","0","0","0","0","0","0","0","0","0","0","0","0","0","0","0","0","0","0",""
"Equanimeous St. Brown","GB","1","WR","2","2","0","12","0","0","0","0","100","2.5","6","6","3.5","2","2","0","100","100","0","0","0","0","0","0","0","0","0","0","0","0","0","0","0","0","0","0","0","0","0","0","0","0","0","0","0","2.2","0.03","1.1"
"D.K. Metcalf","SEA","1","WR","6","6","0","43","0","2","0","0","100","5.83","7.17","7.17","1.5","3","3","2","50","50","100","2","2","33.3","33.3","100","0","0","0","0","0","0","0","0","0","0","0","0","0","0","0","0","0","0","0","0","0","19.3","0.48","3.22"
"Nick Westbrook-Ikhine","TEN","1","WR","3","2","0","16","0","1","0","0","66.7","5.67","5.33","8","0","1","1","1","33.3","50","100","1","1","33.3","50","100","0","0","0","0","0","0","0","0","0","0","0","0","0","0","0","0","0","0","0","0","0","8.6","0.37","4.3"
"Collin Johnson","NYG","1","WR","2","2","0","10","0","0","0","0","100","4","5","5","1","0","0","0","0","0","0","0","0","0","0","0","0","0","0","0","0","0","0","0","0","0","0","0","0","0","0","0","0","0","0","0","0","2","0.08","1"
"Van Jefferson","LA","1","WR","5","3","1","88","0","0","0","0","60","16","17.6","29.33","5.33","0","0","0","0","0","0","0","0","0","0","0","0","0","0","0","0","0","0","0","0","0","0","0","0","0","0","0","0","0","0","0","0","10.3","0.18","3.43"
"Olamide Zaccheaus","ATL","1","WR","1","1","0","12","0","0","0","0","100","12","12","12","0","0","0","0","0","0","0","0","0","0","0","0","0","0","0","0","0","0","0","0","0","0","0","0","0","0","0","0","0","0","0","0","0","1.7","0.08","1.7"
"Byron Pringle","KC","1","WR","2","1","0","12","0","0","0","1","50","10","6","12","5","0","0","0","0","0","0","0","0","0","0","0","0","0","0","0","0","0","0","0","0","0","0","0","0","0","0","0","0","0","0","0","0","1.7","0.04","1.7"
"Marquez Callaway","NO","1","WR","5","3","0","30","0","0","0","0","60","10.2","6","10","1","2","1","0","40","33.3","0","0","0","0","0","0","0","0","0","0","0","0","0","0","0","0","0","0","0","0","0","0","0","0","0","0","0","4.5","0.08","1.5"
"Antonio Gandy-Golden","WAS","1","WR","0","0","0","0","0","0","0","0","0","0","0","0","0","0","0","0","0","0","0","0","0","0","0","0","0","0","0","0","0","0","0","0","0","0","0","0","0","0","0","0","0","0","0","0","0","0","0",""
"Antoine Wesley","ARZ","1","WR","3","1","0","7","0","0","0","1","33.3","15.33","2.33","7","1","0","0","0","0","0","0","0","0","0","0","0","0","0","0","0","0","0","0","0","0","0","0","0","0","0","0","0","0","0","0","0","0","1.2","0.04","1.2"
"Juwann Winfree","GB","1","WR","6","4","0","30","0","0","0","1","66.7","4.83","5","7.5","3.5","2","1","0","33.3","25","0","1","0","16.7","0","0","0","0","0","0","0","0","0","0","0","0","1","0","0","0","0","0","0","0","0","0","0","5","0.09","1.25"
"Dan Chisena","MIN","1","WR","0","0","0","0","0","0","0","0","0","0","0","0","0","0","0","0","0","0","0","0","0","0","0","0","0","0","0","0","0","0","0","0","0","0","0","0","0","0","0","0","0","0","0","0","0","0","0",""
"Diontae Johnson","PIT","1","WR","13","6","1","98","0","0","0","0","46.2","8.62","7.54","16.33","9","4","2","0","30.8","33.3","0","1","0","7.7","0","0","0","0","0","0","0","0","0","0","0","0","0","0","0","0","0","0","0","0","0","0","1","12.8","0.19","2.13"
"Freddie Swain","SEA","1","WR","0","0","0","0","0","0","0","0","0","0","0","0","0","0","0","0","0","0","0","0","0","0","0","0","0","0","0","0","0","0","0","0","0","0","0","0","0","0","0","0","0","0","0","0","0","0","0",""
"Darius Slayton","NYG","1","WR","2","0","0","0","0","0","0","1","0","5","0","0","0","0","0","0","0","0","0","0","0","0","0","0","0","0","0","0","0","0","0","0","0","0","0","0","0","0","0","0","0","0","0","0","0","0","0",""
"K.J. Osborn","MIN","1","WR","3","2","0","10","0","0","0","0","66.7","5.33","3.33","5","0","0","0","0","0","0","0","0","0","0","0","0","0","0","0","0","0","0","0","0","0","0","0","0","0","0","0","0","0","0","0","0","0","2","0.05","1"
"Penny Hart","SEA","1","WR","0","0","0","0","0","0","0","0","0","0","0","0","0","0","0","0","0","0","0","0","0","0","0","0","0","0","0","0","0","0","0","0","0","0","0","0","0","0","0","0","0","0","0","0","0","0","0",""
"Marcus Kemp","KC","1","WR","0","0","0","0","0","0","0","0","0","0","0","0","0","0","0","0","0","0","0","0","0","0","0","0","0","0","0","0","0","0","0","0","0","0","0","0","0","0","0","0","0","0","0","0","0","0","0",""
"Cyril Grayson","TB","1","WR","1","1","1","50","0","1","1","0","100","36","50","50","14","1","1","1","100","100","100","0","0","0","0","0","0","0","0","0","0","0","0","0","0","0","0","0","0","0","0","0","0","0","0","0","0","11.5","1.44","11.5"
"Noah Brown","DAL","1","WR","2","1","0","7","0","0","0","0","50","17.5","3.5","7","1","1","1","0","50","100","0","0","0","0","0","0","0","0","0","0","0","0","0","0","0","0","0","0","0","0","0","0","0","0","0","0","0","1.2","0.09","1.2"
"Isaiah Ford","MIA","1","WR","1","0","0","0","0","0","0","0","0","5","0","0","0","0","0","0","0","0","0","0","0","0","0","0","0","0","0","0","0","0","0","0","0","0","0","0","0","0","0","0","0","0","0","0","0","0","0",""
"Josh Reynolds","TEN","1","WR","0","0","0","0","0","0","0","0","0","0","0","0","0","0","0","0","0","0","0","0","0","0","0","0","0","0","0","0","0","0","0","0","0","0","0","0","0","0","0","0","0","0","0","0","0","0","0",""
"Mike Williams","LAC","1","WR","4","2","0","19","0","0","0","0","50","14","4.75","9.5","2.5","0","0","0","0","0","0","0","0","0","0","0","0","0","0","0","0","0","0","0","0","0","0","0","0","0","0","0","0","0","0","0","0","2.9","0.05","1.45"
"Robbie Chosen","CAR","1","WR","1","0","0","0","0","0","0","0","0","22","0","0","0","0","0","0","0","0","0","0","0","0","0","0","0","0","0","0","0","0","0","0","0","0","0","0","0","0","0","0","0","0","0","0","0","0","0",""
"Marcus Johnson","TEN","1","WR","5","1","0","8","0","0","0","0","20","13.8","1.6","8","10","1","0","0","20","0","0","0","0","0","0","0","0","0","0","0","0","0","0","0","0","0","0","0","0","0","0","0","0","0","0","0","0","1.3","0.03","1.3"
"Tajae Sharpe","ATL","1","WR","6","5","0","58","0","0","0","0","83.3","13.83","9.67","11.6","1.8","1","0","0","16.7","0","0","0","0","0","0","0","0","0","0","0","0","0","0","0","0","0","0","0","0","0","0","0","0","0","0","0","0","8.3","0.23","1.66"
"Jake Kumerow","BUF","1","WR","0","0","0","0","0","0","0","0","0","0","0","0","0","0","0","0","0","0","0","0","0","0","0","0","0","0","0","0","0","0","0","0","0","0","0","0","0","0","0","0","0","0","0","0","0","0","0",""
"Nelson Agholor","NE","1","WR","6","3","1","60","0","0","0","0","50","22.33","10","20","3.67","3","1","0","50","33.3","0","2","0","33.3","0","0","0","0","0","0","0","0","0","0","0","0","0","0","0","0","0","0","0","0","0","0","0","7.5","0.12","2.5"
"Amari Cooper","DAL","1","WR","12","8","0","122","1","1","0","0","66.7","14.83","10.17","15.25","3.5","3","1","1","25","12.5","100","1","1","8.3","12.5","100","0","0","0","0","0","0","0","0","0","0","1","0","0","0","0","0","0","0","0","0","0","22.2","0.35","2.77"
"Allen Robinson II","CHI","1","WR","4","3","0","21","0","0","0","0","75","7","5.25","7","1.33","1","1","0","25","33.3","0","0","0","0","0","0","0","0","0","0","0","0","0","0","0","0","0","0","0","0","0","0","0","0","0","0","0","3.6","0.06","1.2"
"Odell Beckham Jr.","CLV","1","WR","1","1","0","6","0","0","0","0","100","-2","6","6","8","0","0","0","0","0","0","0","0","0","0","0","0","0","0","0","0","0","0","0","0","0","0","0","0","0","0","0","0","0","0","0","0","1.1","0.03","1.1"
"Mike Evans","TB","1","WR","4","2","1","48","0","1","1","0","50","27.75","12","24","4","2","1","1","50","50","100","0","0","0","0","0","0","0","0","0","0","0","0","0","0","0","0","0","0","0","0","0","0","0","0","0","0","11.8","0.2","5.9"
"Kenny Stills","NO","1","WR","0","0","0","0","0","0","0","0","0","0","0","0","0","0","0","0","0","0","0","0","0","0","0","0","0","0","0","0","0","0","0","0","0","0","0","0","0","0","0","0","0","0","0","0","0","0","0",""
"Marquise Goodwin","CHI","1","WR","3","2","0","32","0","0","0","0","66.7","10","10.67","16","8.5","1","0","0","33.3","0","0","0","0","0","0","0","0","0","0","0","0","0","0","0","0","0","1","0","0","0","0","0","0","0","0","0","0","4.2","0.14","2.1"
"DeAndre Hopkins","ARZ","1","WR","2","2","1","66","0","0","0","0","100","21","33","33","12","0","0","0","0","0","0","0","0","0","0","0","0","0","0","0","0","0","0","0","0","0","0","0","0","0","0","0","0","0","0","0","0","7.6","0.51","3.8"
"Tavon Austin","JAX","1","WR","3","1","0","5","0","0","0","0","33.3","16.33","1.67","5","1","2","1","0","66.7","100","0","0","0","0","0","0","0","0","0","0","0","0","0","0","0","0","0","0","0","0","0","0","0","0","0","0","0","1","0.04","1"
"T.Y. Hilton","IND","1","WR","5","2","0","16","0","0","0","0","40","19.2","3.2","8","3","2","0","0","40","0","0","2","0","40","0","0","0","0","0","0","0","0","0","0","0","0","0","0","0","0","0","0","0","0","0","0","0","2.6","0.07","1.3"
"Emmanuel Sanders","BUF","1","WR","4","0","0","0","0","0","0","1","0","28","0","0","0","2","0","0","50","0","0","1","0","25","0","0","0","0","0","0","0","0","0","0","0","0","0","0","0","0","0","0","0","0","0","0","0","0","0",""
"Rondale Moore","ARZ","1","WR","4","3","0","24","0","0","0","0","75","-2.5","6","8","11","0","0","0","0","0","0","0","0","0","0","0","2","0","1","0","0","0","0.5","0.5","0","0","0","0","0","0","0","0","0","0","0","0","0","4","0.11","0.8"
"Quez Watkins","PHI","1","WR","2","2","0","18","0","0","0","0","100","6","9","9","3","1","1","0","50","50","0","0","0","0","0","0","0","0","0","0","0","0","0","0","0","0","0","0","0","0","0","0","0","0","0","0","0","2.8","0.05","1.4"
"Shi Smith","CAR","1","WR","1","1","0","-2","0","0","0","0","100","-4","-2","-2","2","0","0","0","0","0","0","0","0","0","0","0","0","0","0","0","0","0","0","0","0","0","0","0","0","0","0","0","0","0","0","0","0","0.3","0.01","0.3"
"Ihmir Smith-Marsette","MIN","1","WR","1","1","0","6","0","0","0","0","100","4","6","6","2","0","0","0","0","0","0","0","0","0","0","0","0","0","0","0","0","0","0","0","0","0","0","0","0","0","0","0","0","0","0","0","0","1.1","0.1","1.1"
"Jerry Jeudy","DEN","1","WR","4","4","0","39","0","0","0","0","100","8.25","9.75","9.75","1.5","1","1","0","25","25","0","0","0","0","0","0","1","0","0","0","0","0","0","1","0","0","0","0","0","0","0","0","0","0","0","0","0","5.9","0.16","1.18"
"Cedrick Wilson Jr.","DAL","1","WR","3","3","1","84","0","1","1","0","100","9.33","28","28","18.67","0","0","0","0","0","0","0","0","0","0","0","0","0","0","0","0","0","0","0","0","0","0","0","0","0","0","0","0","0","0","0","0","15.9","0.38","5.3"
"Braxton Berrios","NYJ","1","WR","2","2","0","13","0","1","0","0","100","6","6.5","6.5","1.5","1","1","1","50","50","100","1","1","50","50","100","0","0","0","0","0","0","0","0","0","0","0","0","0","0","0","0","0","0","0","0","0","8.3","0.42","4.15"
"Christian Kirk","ARZ","1","WR","6","4","0","46","0","0","0","0","66.7","12.67","7.67","11.5","1.75","1","0","0","16.7","0","0","0","0","0","0","0","0","0","0","0","0","0","0","0","0","0","0","0","0","0","0","0","0","0","0","0","0","6.6","0.14","1.65"
"Jamal Agnew","JAX","1","WR","9","6","0","38","0","1","0","0","66.7","7.22","4.22","6.33","4.5","2","1","1","22.2","16.7","100","2","1","22.2","16.7","100","0","0","0","0","0","0","0","0","0","0","0","0","0","0","0","0","0","0","0","0","0","12.8","0.23","2.13"
"Chester Rogers","TEN","1","WR","1","0","0","0","0","0","0","0","0","2","0","0","0","0","0","0","0","0","0","0","0","0","0","0","0","0","0","0","0","0","0","0","0","0","0","0","0","0","0","0","0","0","0","0","0","0","0",""
"Jakeem Grant Sr.","CHI","1","WR","0","0","0","0","0","0","0","0","0","0","0","0","0","0","0","0","0","0","0","0","0","0","0","0","0","0","0","0","0","0","0","0","0","0","0","0","0","0","0","0","0","0","0","0","0","0","0",""
"Chris Moore","HST","1","WR","2","2","0","16","0","0","0","0","100","5","8","8","3","1","1","0","50","50","0","0","0","0","0","0","0","0","0","0","0","0","0","0","0","0","0","0","0","0","0","0","0","0","0","0","0","2.6","0.17","1.3"
"Sterling Shepard","NYG","1","WR","7","4","0","25","0","0","0","1","57.1","3.43","3.57","6.25","3.25","3","2","0","42.9","50","0","1","0","14.3","0","0","0","0","0","0","0","0","0","0","0","0","0","0","0","0","0","0","0","0","0","0","0","4.5","0.2","1.13"
"Adam Humphries","WAS","1","WR","3","2","0","35","0","0","0","0","66.7","17.67","11.67","17.5","10.5","1","0","0","33.3","0","0","1","0","33.3","0","0","0","0","0","0","0","0","0","0","0","0","0","0","0","0","0","0","0","0","0","0","0","4.5","0.1","2.25"
"Jarvis Landry","CLV","1","WR","10","5","0","65","0","0","0","2","50","11.2","6.5","13","5.4","1","0","0","10","0","0","0","0","0","0","0","1","0","5","0","0","0","5","4","0","0","1","1","0","100","0","0","0","0","0","0","0","9.5","0.18","1.58"
"Cole Beasley","BUF","1","WR","11","10","0","110","1","0","0","0","90.9","7.09","10","11","4","0","0","0","0","0","0","0","0","0","0","0","0","0","0","0","0","0","0","0","0","0","0","0","0","0","0","0","0","0","0","0","0","16","0.31","1.6"
"Mohamed Sanu","SF","1","WR","4","3","0","59","0","0","0","0","75","13","14.75","19.67","5","0","0","0","0","0","0","0","0","0","0","0","0","0","0","0","0","0","0","0","0","0","0","0","0","0","0","0","0","0","0","0","0","7.4","0.3","2.47"
"Amon-Ra St. Brown","DET","1","WR","5","3","0","46","0","0","0","0","60","7.4","9.2","15.33","8.33","1","0","0","20","0","0","0","0","0","0","0","0","0","0","0","0","0","0","0","0","0","0","0","0","0","0","0","0","0","0","0","0","6.1","0.14","2.03"
"Amari Rodgers","GB","1","WR","3","1","0","7","0","0","0","1","33.3","1","2.33","7","7","1","0","0","33.3","0","0","0","0","0","0","0","1","0","11","0","0","0","11","6","1","1","0","0","0","0","0","0","0","0","0","0","0","2.3","0.14","1.15"
"Gabe Davis","BUF","1","WR","5","4","0","29","0","1","0","0","80","8.2","5.8","7.25","3.75","3","2","1","60","50","100","2","1","40","25","100","0","0","0","0","0","0","0","0","0","0","0","0","0","0","0","0","0","0","0","0","0","10.9","0.34","2.73"
"Ray-Ray McCloud III","PIT","1","WR","0","0","0","0","0","0","0","0","0","0","0","0","0","0","0","0","0","0","0","0","0","0","0","0","1","0","10","0","0","0","10","0","0","0","0","1","0","100","0","0","0","0","0","0","0","1","0.09","1"
"James Washington","PIT","1","WR","1","1","0","4","0","0","0","0","100","0","4","4","4","0","0","0","0","0","0","0","0","0","0","0","0","0","0","0","0","0","0","0","0","0","0","0","0","0","0","0","0","0","0","0","0","0.9","0.03","0.9"
"Mecole Hardman Jr.","KC","1","WR","7","5","0","63","0","0","0","0","71.4","5.71","9","12.6","13.8","2","0","0","28.6","0","0","0","0","0","0","0","0","0","0","0","0","0","0","0","0","0","0","0","0","0","0","0","0","0","0","0","0","8.8","0.22","1.76"
"Demetric Felton Jr.","CLV","1","WR","1","1","0","14","0","0","0","0","100","-4","14","14","18","0","0","0","0","0","0","0","0","0","0","0","1","0","3","0","0","0","3","3","0","0","0","0","0","0","0","0","0","0","0","0","0","2.2","0.24","1.1"
"Zach Pascal","IND","1","WR","8","5","0","43","0","0","0","1","62.5","10.5","5.38","8.6","2","0","0","0","0","0","0","0","0","0","0","0","0","0","0","0","0","0","0","0","0","0","0","0","0","0","0","0","0","0","0","0","0","6.8","0.09","1.36"
"Greg Ward","PHI","1","WR","0","0","0","0","0","0","0","0","0","0","0","0","0","0","0","0","0","0","0","0","0","0","0","0","0","0","0","0","0","0","0","0","0","0","0","0","0","0","0","0","0","0","0","0","0","0","0",""
"Isaiah McKenzie","BUF","1","WR","0","0","0","0","0","0","0","0","0","0","0","0","0","0","0","0","0","0","0","0","0","0","0","0","0","0","0","0","0","0","0","0","0","0","0","0","0","0","0","0","0","0","0","0","0","0","0",""
"Chris Godwin","TB","1","WR","11","8","1","140","1","1","0","1","72.7","6.55","12.73","17.5","12.25","1","1","1","9.1","12.5","100","0","0","0","0","0","0","0","0","0","0","0","0","0","0","0","0","0","0","0","0","0","0","0","0","0","1","24","0.41","3"
"Mike Thomas","CIN","1","WR","0","0","0","0","0","0","0","0","0","0","0","0","0","0","0","0","0","0","0","0","0","0","0","0","0","0","0","0","0","0","0","0","0","0","0","0","0","0","0","0","0","0","0","0","0","0","0",""
"Tyreek Hill","KC","1","WR","16","12","0","94","0","1","0","1","75","10.25","5.88","7.83","5","3","3","1","18.8","25","100","1","1","6.3","8.3","100","0","0","0","0","0","0","0","0","0","0","0","0","0","0","0","0","0","0","0","0","0","21.4","0.35","1.78"
"Tyler Boyd","CIN","1","WR","7","5","0","69","0","1","0","0","71.4","11.29","9.86","13.8","5.6","3","1","1","42.9","20","100","2","1","28.6","20","100","0","0","0","0","0","0","0","0","0","0","0","0","0","0","0","0","0","0","0","0","0","15.4","0.35","3.08"
"Jamison Crowder","NYJ","1","WR","9","8","0","84","0","0","0","0","88.9","5.33","9.33","10.5","5","2","2","0","22.2","25","0","0","0","0","0","0","0","0","0","0","0","0","0","0","0","0","1","0","0","0","0","0","0","0","0","1","1","12.4","0.24","1.55"
"Ty Montgomery","NO","1","WR","2","1","0","4","0","0","0","0","50","-0.5","2","4","9","0","0","0","0","0","0","0","0","0","0","0","0","0","0","0","0","0","0","0","0","0","0","0","0","0","0","0","0","0","0","0","0","0.9","0.03","0.9"
"Albert Wilson","MIA","1","WR","0","0","0","0","0","0","0","0","0","0","0","0","0","0","0","0","0","0","0","0","0","0","0","0","0","0","0","0","0","0","0","0","0","0","0","0","0","0","0","0","0","0","0","0","0","0","0",""
"Keenan Allen","LAC","1","WR","10","6","1","77","0","1","0","1","60","10.3","7.7","12.83","5","2","1","1","20","16.7","100","1","1","10","16.7","100","0","0","0","0","0","0","0","0","0","0","0","0","0","0","0","0","0","0","0","0","0","16.7","0.28","2.78"
"Randall Cobb","GB","1","WR","5","3","0","15","0","2","0","0","60","17.4","3","5","1","4","2","2","80","66.7","100","4","2","80","66.7","100","0","0","0","0","0","0","0","0","0","0","0","0","0","0","0","0","0","0","0","0","0","15","0.3","5"
"Danny Amendola","HST","1","WR","5","2","0","3","0","0","0","0","40","5.4","0.6","1.5","0.5","0","0","0","0","0","0","0","0","0","0","0","0","0","0","0","0","0","0","0","0","0","1","0","0","0","0","0","0","0","0","0","0","1.3","0.03","0.65"
"Malik Taylor","GB","1","WR","0","0","0","0","0","0","0","0","0","0","0","0","0","0","0","0","0","0","0","0","0","0","0","0","0","0","0","0","0","0","0","0","0","0","0","0","0","0","0","0","0","0","0","0","0","0","0",""
"Trinity Benson","DET","1","WR","0","0","0","0","0","0","0","0","0","0","0","0","0","0","0","0","0","0","0","0","0","0","0","0","0","0","0","0","0","0","0","0","0","0","0","0","0","0","0","0","0","0","0","0","0","0","0",""
"Deonte Harty","NO","1","WR","7","3","0","35","0","0","0","0","42.9","5.43","5","11.67","4.67","2","0","0","28.6","0","0","0","0","0","0","0","1","0","22","0","0","0","22","9","0","0","0","0","0","0","0","0","0","0","0","0","0","7.2","0.3","1.8"
"Dax Milne","WAS","1","WR","2","1","0","22","0","0","0","0","50","13.5","11","22","15","1","0","0","50","0","0","0","0","0","0","0","0","0","0","0","0","0","0","0","0","0","0","0","0","0","0","0","0","0","0","0","0","2.7","0.13","2.7"
"Joshua Palmer","LAC","1","WR","1","1","0","24","0","1","0","0","100","27","24","24","0","1","1","1","100","100","100","1","1","100","100","100","0","0","0","0","0","0","0","0","0","0","0","0","0","0","0","0","0","0","0","0","0","8.9","1.11","8.9"
"Jalen Reagor","PHI","1","WR","2","1","0","0","0","0","0","0","50","10","0","0","5","1","1","0","50","100","0","0","0","0","0","0","2","0","21","0","0","0","10.5","2","0","0","0","0","0","0","0","0","0","0","0","0","0","2.6","0.22","0.87"
"Justin Jefferson","MIN","1","WR","5","2","0","21","0","0","0","2","40","15.6","4.2","10.5","5.5","2","0","0","40","0","0","0","0","0","0","0","0","0","0","0","0","0","0","0","0","0","0","0","0","0","0","0","0","0","0","0","0","3.1","0.07","1.55"
"Kadarius Toney","NYG","1","WR","5","4","0","26","0","0","0","1","80","2.8","5.2","6.5","4.75","1","1","0","20","25","0","0","0","0","0","0","0","0","0","0","0","0","0","0","0","0","0","0","0","0","0","0","0","0","0","0","0","4.6","0.14","1.15"
"Tee Higgins","CIN","1","WR","6","4","1","97","0","0","0","0","66.7","17","16.17","24.25","6","2","1","0","33.3","25","0","0","0","0","0","0","0","0","0","0","0","0","0","0","0","0","0","0","0","0","0","0","0","0","0","0","0","11.7","0.28","2.92"
"A.J. Brown","TEN","1","WR","11","10","1","155","1","1","1","0","90.9","9.73","14.09","15.5","6.1","2","2","0","18.2","20","0","0","0","0","0","0","0","0","0","0","0","0","0","0","0","0","0","0","0","0","0","0","0","0","0","0","0","26.5","0.4","2.65"
"N'Keal Harry","NE","1","WR","2","2","0","30","0","0","0","0","100","15.5","15","15","0","0","0","0","0","0","0","0","0","0","0","0","0","0","0","0","0","0","0","0","0","0","0","0","0","0","0","0","0","0","0","0","0","4","0.15","2"
"Deebo Samuel","SF","1","WR","9","6","2","171","1","0","0","2","66.7","10.11","19","28.5","15.67","2","1","0","22.2","16.7","0","1","0","11.1","0","0","0","0","0","0","0","0","0","0","0","0","0","0","0","0","0","0","0","0","0","0","0","20.1","0.44","3.35"
"DJ Moore","CAR","1","WR","7","4","0","59","0","0","0","0","57.1","9.29","8.43","14.75","4.25","2","0","0","28.6","0","0","1","0","14.3","0","0","0","0","0","0","0","0","0","0","0","0","0","0","0","0","0","0","0","0","0","0","0","7.9","0.13","1.98"
"Darnell Mooney","CHI","1","WR","9","6","0","64","0","0","0","0","66.7","16","7.11","10.67","3.5","0","0","0","0","0","0","0","0","0","0","0","0","0","0","0","0","0","0","0","0","0","0","0","0","0","0","0","0","0","0","0","0","9.4","0.17","1.57"
"Tre'Quan Smith","NO","1","WR","3","3","0","33","0","1","0","0","100","9","11","11","3.67","3","3","1","100","100","100","1","1","33.3","33.3","100","0","0","0","0","0","0","0","0","0","0","0","0","0","0","0","0","0","0","0","0","0","10.8","0.23","3.6"
"Dante Pettis","NYG","1","WR","0","0","0","0","0","0","0","0","0","0","0","0","0","0","0","0","0","0","0","0","0","0","0","0","0","0","0","0","0","0","0","0","0","0","0","0","0","0","0","0","0","0","0","0","0","0","0",""
"Stanley Morgan","CIN","1","WR","0","0","0","0","0","0","0","0","0","0","0","0","0","0","0","0","0","0","0","0","0","0","0","0","0","0","0","0","0","0","0","0","0","0","0","0","0","0","0","0","0","0","0","0","0","0","0",""
"Jeff Smith","NYJ","1","WR","1","1","0","10","0","0","0","0","100","10","10","10","0","0","0","0","0","0","0","0","0","0","0","0","1","0","-1","0","0","0","-1","1","0","0","0","0","0","0","0","0","0","0","0","0","0","1.4","0.07","0.7"
"Tyler Johnson","TB","1","WR","6","5","0","65","0","0","0","1","83.3","10.17","10.83","13","4","0","0","0","0","0","0","0","0","0","0","0","0","0","0","0","0","0","0","0","0","0","0","0","0","0","0","0","0","0","0","0","0","9","0.23","1.8"
"Jauan Jennings","SF","1","WR","0","0","0","0","0","0","0","0","0","0","0","0","0","0","0","0","0","0","0","0","0","0","0","0","0","0","0","0","0","0","0","0","0","0","0","0","0","0","0","0","0","0","0","0","0","0","0",""
"Keith Kirkwood","CAR","1","WR","1","0","0","0","0","0","0","0","0","4","0","0","0","1","0","0","100","0","0","1","0","100","0","0","0","0","0","0","0","0","0","0","0","0","0","0","0","0","0","0","0","0","0","0","0","0","0",""
"Cam Sims","WAS","1","WR","3","1","0","20","0","0","0","0","33.3","25.33","6.67","20","21","2","0","0","66.7","0","0","2","0","66.7","0","0","0","0","0","0","0","0","0","0","0","0","0","0","0","0","0","0","0","0","0","0","0","2.5","0.17","2.5"
"Denzel Mims","NYJ","1","WR","3","2","0","30","0","0","0","1","66.7","9.33","10","15","7.5","1","0","0","33.3","0","0","1","0","33.3","0","0","0","0","0","0","0","0","0","0","0","0","0","0","0","0","0","0","0","0","0","0","0","4","0.07","2"
"Jakobi Meyers","NE","1","WR","9","4","0","36","0","0","0","0","44.4","9.56","4","9","2.5","4","1","0","44.4","25","0","1","0","11.1","0","0","0","0","0","0","0","0","0","0","0","0","0","0","0","0","0","0","0","0","0","1","1","5.6","0.08","1.4"
"Russell Gage","ATL","1","WR","0","0","0","0","0","0","0","0","0","0","0","0","0","0","0","0","0","0","0","0","0","0","0","0","0","0","0","0","0","0","0","0","0","0","0","0","0","0","0","0","0","0","0","0","0","0","0",""
"Chase Claypool","PIT","1","WR","5","4","0","45","0","0","0","0","80","13","9","11.25","3.5","2","1","0","40","25","0","1","0","20","0","0","2","0","16","0","0","0","8","2.5","1","0.5","0","0","0","0","0","0","0","0","0","0","0","8.1","0.11","1.35"
"J.J. Arcega-Whiteside","PHI","1","WR","0","0","0","0","0","0","0","0","0","0","0","0","0","0","0","0","0","0","0","0","0","0","0","0","0","0","0","0","0","0","0","0","0","0","0","0","0","0","0","0","0","0","0","0","0","0","0",""
"Tyron Johnson","JAX","1","WR","2","1","0","10","0","0","0","0","50","15.5","5","10","0","1","0","0","50","0","0","0","0","0","0","0","0","0","0","0","0","0","0","0","0","0","0","0","0","0","0","0","0","0","0","0","0","1.5","0.12","1.5"
"Jalen Guyton","LAC","1","WR","1","1","0","18","0","0","0","0","100","18","18","18","0","0","0","0","0","0","0","0","0","0","0","0","0","0","0","0","0","0","0","0","0","0","0","0","0","0","0","0","0","0","0","0","0","2.3","0.07","2.3"
"Kendall Hinton","DEN","1","WR","0","0","0","0","0","0","0","0","0","0","0","0","0","0","0","0","0","0","0","0","0","0","0","0","0","0","0","0","0","0","0","0","0","0","0","0","0","0","0","0","0","0","0","0","0","0","0",""
"Michael Pittman Jr.","IND","1","WR","15","10","0","86","0","2","0","1","66.7","11.53","5.73","8.6","1.5","4","2","2","26.7","20","100","3","2","20","20","100","0","0","0","0","0","0","0","0","0","0","0","0","0","0","0","0","0","0","0","0","0","25.6","0.33","2.56"
"Ben Skowronek","LA","1","WR","3","3","0","30","0","0","0","0","100","3.67","10","10","6.33","0","0","0","0","0","0","0","0","0","0","0","0","0","0","0","0","0","0","0","0","0","0","0","0","0","0","0","0","0","0","0","0","4.5","0.23","1.5"
"KhaDarel Hodge","DET","1","WR","2","0","0","0","0","0","0","1","0","16.5","0","0","0","1","0","0","50","0","0","1","0","50","0","0","0","0","0","0","0","0","0","0","0","0","0","0","0","0","0","0","0","0","0","0","0","0","0",""
"Kendrick Bourne","NE","1","WR","6","4","0","38","0","0","0","1","66.7","5.17","6.33","9.5","2.75","1","0","0","16.7","0","0","0","0","0","0","0","0","0","0","0","0","0","0","0","0","0","1","0","0","0","0","0","0","0","0","0","0","5.8","0.25","1.45"
"Tim Patrick","DEN","1","WR","3","3","0","64","0","0","0","0","100","14","21.33","21.33","7.33","0","0","0","0","0","0","0","0","0","0","0","0","0","0","0","0","0","0","0","0","0","0","0","0","0","0","0","0","0","0","0","0","7.9","0.16","2.63"
"Mack Hollins","MIA","1","WR","1","0","0","0","0","0","0","0","0","15","0","0","0","0","0","0","0","0","0","0","0","0","0","0","0","0","0","0","0","0","0","0","0","0","0","0","0","0","0","0","0","0","0","0","0","0","0",""
"Cooper Kupp","LA","1","WR","8","7","1","115","1","1","0","0","87.5","10.63","14.38","16.43","6.43","4","3","1","50","42.9","100","2","1","25","14.3","100","0","0","0","0","0","0","0","0","0","0","0","0","0","0","0","0","0","0","0","0","0","21","0.36","3"
"John Ross","NYG","1","WR","3","2","1","72","0","0","0","0","66.7","24.33","24","36","3","0","0","0","0","0","0","0","0","0","0","0","0","0","0","0","0","0","0","0","0","0","0","0","0","0","0","0","0","0","0","0","0","8.2","0.51","4.1"
"Alex Erickson","CAR","1","WR","0","0","0","0","0","0","0","0","0","0","0","0","0","0","0","0","0","0","0","0","0","0","0","0","0","0","0","0","0","0","0","0","0","0","0","0","0","0","0","0","0","0","0","0","0","0","0",""
"Kalif Raymond","DET","1","WR","0","0","0","0","0","0","0","0","0","0","0","0","0","0","0","0","0","0","0","0","0","0","0","0","0","0","0","0","0","0","0","0","0","0","0","0","0","0","0","0","0","0","0","0","0","0","0",""
"Rashard Higgins","CLV","1","WR","4","2","0","27","0","0","0","1","50","10","6.75","13.5","2","0","0","0","0","0","0","0","0","0","0","0","0","0","0","0","0","0","0","0","0","0","0","0","0","0","0","0","0","0","0","0","0","3.7","0.11","1.85"
"Demarcus Robinson","KC","1","WR","1","1","0","18","0","0","0","0","100","16","18","18","2","0","0","0","0","0","0","0","0","0","0","0","0","0","0","0","0","0","0","0","0","0","0","0","0","0","0","0","0","0","0","0","0","2.3","0.07","2.3"
"Damiere Byrd","CHI","1","WR","0","0","0","0","0","0","0","0","0","0","0","0","0","0","0","0","0","0","0","0","0","0","0","0","0","0","0","0","0","0","0","0","0","0","0","0","0","0","0","0","0","0","0","0","0","0","0",""
"DeAndre Carter","WAS","1","WR","6","3","0","51","0","1","0","1","50","16.33","8.5","17","4","2","1","1","33.3","33.3","100","1","1","16.7","33.3","100","0","0","0","0","0","0","0","0","0","0","0","0","0","0","0","0","0","0","0","0","0","12.6","0.26","4.2"
"Stefon Diggs","BUF","1","WR","7","5","0","40","0","1","0","0","71.4","5.57","5.71","8","6","1","1","1","14.3","20","100","0","0","0","0","0","0","0","0","0","0","0","0","0","0","0","0","0","0","0","0","0","0","0","0","0","0","12.5","0.23","2.5"
"Chris Conley","HST","1","WR","2","1","0","24","0","0","0","0","50","29","12","24","0","1","0","0","50","0","0","1","0","50","0","0","0","0","0","0","0","0","0","0","0","0","0","0","0","0","0","0","0","0","0","0","0","2.9","0.12","2.9"
"Tyler Lockett","SEA","1","WR","13","12","0","142","1","0","0","0","92.3","10.46","10.92","11.83","2.17","2","2","0","15.4","16.7","0","0","0","0","0","0","0","0","0","0","0","0","0","0","0","0","0","0","0","0","0","0","0","0","0","0","0","20.2","0.47","1.68"
"DeVante Parker","MIA","1","WR","12","8","0","85","0","0","0","1","66.7","8.83","7.08","10.63","3.5","0","0","0","0","0","0","0","0","0","0","0","0","0","0","0","0","0","0","0","0","0","0","0","0","0","0","0","0","0","0","0","0","12.5","0.2","1.56"
"Kevin White","NO","1","WR","1","1","0","38","0","0","0","0","100","30","38","38","8","0","0","0","0","0","0","0","0","0","0","0","0","0","0","0","0","0","0","0","0","0","0","0","0","0","0","0","0","0","0","0","0","4.3","0.48","4.3"
"Brandin Cooks","HST","1","WR","6","6","1","83","0","1","1","0","100","9.17","13.83","13.83","4.67","2","2","1","33.3","33.3","100","0","0","0","0","0","0","0","0","0","0","0","0","0","0","0","0","0","0","0","0","0","0","0","0","0","0","17.3","0.32","2.88"
"Adam Thielen","MIN","1","WR","8","6","0","78","0","1","0","0","75","6.13","9.75","13","6","2","2","1","25","33.3","100","0","0","0","0","0","0","0","0","0","0","0","0","0","0","0","0","0","0","0","0","0","0","0","0","0","0","16.8","0.26","2.8"
"Robert Woods","LA","1","WR","8","3","0","35","0","1","0","1","37.5","5.13","4.38","11.67","7.33","4","2","1","50","66.7","100","1","1","12.5","33.3","100","3","0","22","0","1","0","7.33","0.67","0","0","0","1","1","33.3","100","0","0","0","0","0","0","19.2","0.33","3.2"
"Josh Gordon","KC","1","WR","1","0","0","0","0","0","0","0","0","6","0","0","0","1","0","0","100","0","0","1","0","100","0","0","0","0","0","0","0","0","0","0","0","0","0","0","0","0","0","0","0","0","0","0","0","0","0",""
"Marvin Jones Jr.","JAX","1","WR","7","5","0","35","0","0","0","1","71.4","7.57","5","7","2.6","0","0","0","0","0","0","0","0","0","0","0","0","0","0","0","0","0","0","0","0","0","0","0","0","0","0","0","0","0","0","0","0","6","0.09","1.2"
"A.J. Green","ARZ","1","WR","8","5","0","50","0","0","0","0","62.5","11.63","6.25","10","2.2","1","0","0","12.5","0","0","1","0","12.5","0","0","0","0","0","0","0","0","0","0","0","0","0","0","0","0","0","0","0","0","0","0","0","7.5","0.13","1.5"
"Matthew Slater","NE","1","WR","0","0","0","0","0","0","0","0","0","0","0","0","0","0","0","0","0","0","0","0","0","0","0","0","0","0","0","0","0","0","0","0","0","0","0","0","0","0","0","0","0","0","0","0","0","0","0",""
"Rhamondre Stevenson","NE","1","RB","2","1","0","5","0","0","0","0","50","-1.5","2.5","5","11","0","0","0","0","0","0","0","0","0","0","0","8","0","26","0","0","0","3.25","2.13","1","0.13","0","1","0","12.5","0","0","0","0","0","0","0","3.6","0.3","0.4"
"Jermar Jefferson","DET","1","RB","4","4","0","23","0","0","0","0","100","0.5","5.75","5.75","5.25","0","0","0","0","0","0","0","0","0","0","0","2","0","6","0","1","0","3","2","0","0","0","1","1","50","100","0","0","0","0","0","0","10.9","0.99","1.82"
"Scottie Phillips","HST","1","RB","3","2","0","9","0","0","0","0","66.7","0","3","4.5","4","0","0","0","0","0","0","0","0","0","0","0","5","0","11","0","0","0","2.2","1.8","0","0","0","1","0","20","0","0","0","0","0","0","0","3","0.2","0.43"
"Antonio Gibson","WAS","1","RB","3","3","0","20","0","0","0","0","100","-1","6.67","6.67","7.67","1","1","0","33.3","33.3","0","0","0","0","0","0","8","0","34","0","0","0","4.25","2.13","0","0","0","0","0","0","0","0","0","0","0","0","0","6.9","0.3","0.63"
"Javonte Williams","DEN","1","RB","4","2","0","13","0","0","0","1","50","0.5","3.25","6.5","8.5","0","0","0","0","0","0","0","0","0","0","0","9","0","35","0","0","0","3.89","2.67","4","0.44","0","0","0","0","0","0","0","0","0","0","0","5.8","0.25","0.53"
"Jaret Patterson","WAS","1","RB","1","0","0","0","0","0","0","0","0","-1","0","0","0","0","0","0","0","0","0","0","0","0","0","0","11","0","46","0","0","0","4.18","3.18","2","0.18","0","0","0","0","0","0","0","0","0","0","0","4.6","0.29","0.42"
"Kenneth Gainwell","PHI","1","RB","0","0","0","0","0","0","0","0","0","0","0","0","0","0","0","0","0","0","0","0","0","0","0","0","13","0","27","0","0","0","2.08","2.85","5","0.38","0","2","0","15.4","0","0","0","0","0","0","0","2.7","0.14","0.21"
"Jonathan Taylor","IND","1","RB","4","3","0","52","0","0","0","0","75","-0.5","13","17.33","17","0","0","0","0","0","0","0","0","0","0","0","16","0","70","0","1","0","4.38","2.56","4","0.25","0","3","1","18.8","100","1","1","6.3","100","0","0","19.7","0.33","1.04"
"Salvon Ahmed","MIA","1","RB","2","1","0","6","0","0","0","0","50","0.5","3","6","6","0","0","0","0","0","0","0","0","0","0","0","7","0","22","0","0","0","3.14","2.86","2","0.29","0","0","0","0","0","0","0","0","0","0","0","3.3","0.21","0.41"
"Chuba Hubbard","CAR","1","RB","1","1","0","9","0","0","0","0","100","3","9","9","6","0","0","0","0","0","0","0","0","0","0","0","24","0","82","0","1","0","3.42","2.33","2","0.08","1","5","1","20.8","100","1","0","4.2","0","0","0","15.6","0.38","0.62"
"Michael Carter","NYJ","1","RB","13","9","0","95","0","0","0","2","69.2","0.15","7.31","10.56","12","1","1","0","7.7","11.1","0","0","0","0","0","0","15","0","77","0","1","0","5.13","2.53","5","0.33","0","4","1","26.7","100","2","0","13.3","0","0","0","27.7","0.47","1.15"
"Larry Rountree III","LAC","1","RB","0","0","0","0","0","0","0","0","0","0","0","0","0","0","0","0","0","0","0","0","0","0","0","0","4","0","11","0","0","0","2.75","2","0","0","0","0","0","0","0","0","0","0","0","0","0","1.1","0.14","0.28"
"Anthony McFarland Jr.","PIT","1","RB","0","0","0","0","0","0","0","0","0","0","0","0","0","0","0","0","0","0","0","0","0","0","0","0","1","0","1","0","0","0","1","2","0","0","0","0","0","0","0","0","0","0","0","0","0","0.1","0.01","0.1"
"Elijah Mitchell","SF","1","RB","0","0","0","0","0","0","0","0","0","0","0","0","0","0","0","0","0","0","0","0","0","0","0","0","18","0","137","1","1","0","7.61","7.5","2","0.11","0","5","1","27.8","100","1","1","5.6","100","0","0","19.7","0.55","1.09"
"D'Andre Swift","DET","1","RB","5","5","0","24","0","0","0","0","100","2","4.8","4.8","2.8","0","0","0","0","0","0","0","0","0","0","0","12","0","27","0","0","0","2.25","2.33","1","0.08","1","0","0","0","0","0","0","0","0","0","0","7.6","0.17","0.45"
"AJ Dillon","GB","1","RB","0","0","0","0","0","0","0","0","0","0","0","0","0","0","0","0","0","0","0","0","0","0","0","0","16","0","78","0","0","0","4.88","3.81","3","0.19","0","4","0","25","0","0","0","0","0","0","0","7.8","0.27","0.49"
"Najee Harris","PIT","1","RB","3","3","0","29","0","0","0","0","100","-2.67","9.67","9.67","12.33","0","0","0","0","0","0","0","0","0","0","0","26","0","91","0","1","0","3.5","2.58","4","0.15","0","4","1","15.4","100","1","0","3.8","0","0","0","19.5","0.31","0.67"
"DeeJay Dallas","SEA","1","RB","0","0","0","0","0","0","0","0","0","0","0","0","0","0","0","0","0","0","0","0","0","0","0","0","1","0","6","0","0","0","6","5","0","0","0","0","0","0","0","0","0","0","0","0","0","0.6","0.3","0.6"
"Godwin Igwebuike","DET","1","RB","3","3","0","40","0","0","0","0","100","3","13.33","13.33","10.33","1","1","0","33.3","33.3","0","0","0","0","0","0","3","0","18","0","0","0","6","1.67","0","0","0","0","0","0","0","0","0","0","0","0","0","7.3","0.66","1.22"
"Nyheim Hines","IND","1","RB","5","4","0","22","0","0","0","0","80","0.8","4.4","5.5","5.5","0","0","0","0","0","0","0","0","0","0","0","1","0","2","0","0","0","2","2","0","0","0","0","0","0","0","0","0","0","0","0","0","4.4","0.18","0.88"
"Benny Snell Jr.","PIT","1","RB","1","1","0","7","0","0","0","0","100","-2","7","7","9","0","0","0","0","0","0","0","0","0","0","0","0","0","0","0","0","0","0","0","0","0","0","0","0","0","0","0","0","0","0","0","0","1.2","0.6","1.2"
"Myles Gaskin","MIA","1","RB","4","3","0","19","0","0","0","0","75","1.25","4.75","6.33","7.33","0","0","0","0","0","0","0","0","0","0","0","12","0","36","0","0","0","3","1.83","0","0","0","0","0","0","0","0","0","0","0","0","0","7","0.17","0.47"
"Travis Homer","SEA","1","RB","1","1","0","3","0","0","0","0","100","1","3","3","2","0","0","0","0","0","0","0","0","0","0","0","4","0","9","0","0","0","2.25","0.75","0","0","0","1","0","25","0","0","0","0","0","0","0","1.7","0.11","0.34"
"Chase Edmonds","ARZ","1","RB","4","3","0","39","0","0","0","0","75","1.5","9.75","13","13.67","0","0","0","0","0","0","0","0","0","0","0","7","0","30","0","1","0","4.29","1.86","0","0","0","2","1","28.6","100","0","0","0","0","0","0","14.4","0.41","1.44"
"Alexander Mattison","MIN","1","RB","2","2","0","-5","0","0","0","0","100","-3.5","-2.5","-2.5","1","1","1","0","50","50","0","0","0","0","0","0","2","0","5","0","0","0","2.5","3","0","0","0","1","0","50","0","0","0","0","0","0","0","1","0.13","0.25"
"Nick Chubb","CLV","1","RB","1","1","0","8","0","0","0","0","100","-7","8","8","15","0","0","0","0","0","0","0","0","0","0","0","16","0","61","0","0","0","3.81","3.25","1","0.06","0","1","0","6.3","0","0","0","0","0","0","0","7.4","0.22","0.44"
"Ty Johnson","NYJ","1","RB","6","5","0","71","0","1","0","0","83.3","-1.67","11.83","14.2","15.2","2","1","1","33.3","20","100","0","0","0","0","0","4","0","15","0","0","0","3.75","3.5","1","0.25","0","0","0","0","0","0","0","0","0","0","0","17.1","0.71","1.9"
"Ryan Nall","CHI","1","RB","0","0","0","0","0","0","0","0","0","0","0","0","0","0","0","0","0","0","0","0","0","0","0","0","1","0","4","0","0","0","4","6","0","0","0","0","0","0","0","0","0","0","0","0","0","0.4","0.06","0.4"
"Royce Freeman","CAR","1","RB","1","0","0","0","0","0","0","1","0","-1","0","0","0","0","0","0","0","0","0","0","0","0","0","0","6","0","25","0","0","0","4.17","3.17","0","0","0","0","0","0","0","0","0","0","0","0","0","2.5","0.23","0.42"
"Kalen Ballage","PIT","1","RB","0","0","0","0","0","0","0","0","0","0","0","0","0","0","0","0","0","0","0","0","0","0","0","0","1","0","-3","0","0","0","-3","0","0","0","0","0","0","0","0","0","0","0","0","0","0","-0.3","-0.1","-0.3"
"D'Ernest Johnson","CLV","1","RB","3","1","0","7","0","0","0","2","33.3","0","2.33","7","7","0","0","0","0","0","0","0","0","0","0","0","4","0","22","0","1","0","5.5","2.25","1","0.25","0","2","1","50","100","0","0","0","0","0","0","9.4","0.52","1.88"
"Khalil Herbert","CHI","1","RB","2","2","0","-4","0","0","0","0","100","-3.5","-2","-2","1.5","1","1","0","50","50","0","0","0","0","0","0","23","0","72","0","0","0","3.13","2.22","4","0.17","0","4","0","17.4","0","1","0","4.3","0","0","0","7.8","0.13","0.31"
"Darrell Henderson","LA","1","RB","2","1","0","3","0","1","0","0","50","1","1.5","3","2","2","1","1","100","100","100","0","0","0","0","0","14","0","90","0","1","0","6.43","2.64","4","0.29","0","6","1","42.9","100","2","1","14.3","100","0","0","21.8","0.53","1.45"
"Devin Singletary","BUF","1","RB","1","1","0","1","0","0","0","0","100","-3","1","1","4","0","0","0","0","0","0","0","0","0","0","0","7","0","28","0","0","0","4","2.86","2","0.29","0","1","0","14.3","0","0","0","0","0","0","0","3.4","0.14","0.42"
"Zack Moss","BUF","1","RB","7","6","0","39","0","0","0","0","85.7","-2","5.57","6.5","8.33","0","0","0","0","0","0","0","0","0","0","0","8","0","19","0","0","0","2.38","1.5","2","0.25","0","3","0","37.5","0","0","0","0","0","0","0","8.8","0.19","0.63"
"Boston Scott","PHI","1","RB","1","0","0","0","0","0","0","1","0","0","0","0","0","0","0","0","0","0","0","0","0","0","0","0","12","0","60","0","2","0","5","2.42","1","0.08","0","3","2","25","100","2","2","16.7","100","0","0","18","0.62","1.5"
"Damien Harris","NE","1","RB","1","0","0","0","0","0","0","0","0","0","0","0","0","1","0","0","100","0","0","0","0","0","0","0","23","0","80","0","1","0","3.48","2.39","4","0.17","0","8","1","34.8","100","2","1","8.7","100","0","0","14","0.34","0.61"
"Ronald Jones","TB","1","RB","1","1","0","6","0","0","0","0","100","-2","6","6","8","0","0","0","0","0","0","0","0","0","0","0","3","0","13","0","0","0","4.33","2.67","0","0","0","0","0","0","0","0","0","0","0","0","0","2.4","0.27","0.6"
"Derrick Gore","KC","1","RB","0","0","0","0","0","0","0","0","0","0","0","0","0","0","0","0","0","0","0","0","0","0","0","0","11","0","48","0","1","0","4.36","1.73","1","0.09","0","6","1","54.5","100","2","1","18.2","100","0","0","10.8","0.68","0.98"
"Mike Boone","DEN","1","RB","0","0","0","0","0","0","0","0","0","0","0","0","0","0","0","0","0","0","0","0","0","0","0","0","0","0","0","0","0","0","0","0","0","0","0","0","0","0","0","0","0","0","0","0","0","0","0",""
"Justin Jackson","LAC","1","RB","0","0","0","0","0","0","0","0","0","0","0","0","0","0","0","0","0","0","0","0","0","0","0","0","3","1","79","0","0","0","26.33","24.67","1","0.33","0","1","0","33.3","0","0","0","0","0","0","0","7.9","1.13","2.63"
"Patrick Laird","MIA","1","RB","1","1","0","10","0","0","0","0","100","-1","10","10","11","0","0","0","0","0","0","0","0","0","0","0","0","0","0","0","0","0","0","0","0","0","0","0","0","0","0","0","0","0","0","0","0","1.5","0.15","1.5"
"Sony Michel","LA","1","RB","2","2","0","14","0","0","0","0","100","-2","7","7","9","0","0","0","0","0","0","0","0","0","0","0","9","0","42","0","0","0","4.67","2.33","0","0","0","4","0","44.4","0","0","0","0","0","0","0","6.6","0.33","0.6"
"Rashaad Penny","SEA","1","RB","0","0","0","0","0","0","0","0","0","0","0","0","0","0","0","0","0","0","0","0","0","0","0","0","7","0","7","0","0","0","1","0.86","0","0","0","2","0","28.6","0","2","0","28.6","0","0","0","0.7","0.06","0.1"
"Tony Pollard","DAL","1","RB","1","1","0","1","0","0","0","0","100","1","1","1","0","0","0","0","0","0","0","0","0","0","0","0","7","0","26","0","0","0","3.71","2.57","4","0.57","0","0","0","0","0","0","0","0","0","0","0","3.2","0.17","0.4"
"La'Mical Perine","NYJ","1","RB","0","0","0","0","0","0","0","0","0","0","0","0","0","0","0","0","0","0","0","0","0","0","0","0","1","0","3","0","0","0","3","1","0","0","0","0","0","0","0","0","0","0","0","0","0","0.3","0.05","0.3"
"JaMycal Hasty","SF","1","RB","2","2","0","29","0","0","0","0","100","3.5","14.5","14.5","11","0","0","0","0","0","0","0","0","0","0","0","3","0","4","0","0","0","1.33","2","0","0","0","1","0","33.3","0","0","0","0","0","0","0","4.3","0.23","0.86"
"James Robinson","JAX","1","RB","2","1","0","17","0","0","0","0","50","-2","8.5","17","19","0","0","0","0","0","0","0","0","0","0","0","4","0","22","0","0","0","5.5","3.75","1","0.25","0","0","0","0","0","0","0","0","0","0","0","4.4","0.55","0.88"
"Darrel Williams","KC","1","RB","6","6","0","61","0","0","0","0","100","-1","10.17","10.17","11.17","0","0","0","0","0","0","0","0","0","0","0","13","0","49","0","0","0","3.77","2.15","0","0","0","2","0","15.4","0","0","0","0","0","0","0","14","0.27","0.74"
"Buddy Howell","LA","1","RB","0","0","0","0","0","0","0","0","0","0","0","0","0","0","0","0","0","0","0","0","0","0","0","0","5","0","11","0","0","0","2.2","2.4","0","0","0","0","0","0","0","0","0","0","0","0","0","1.1","0.18","0.22"
"Phillip Lindsay","HST","1","RB","0","0","0","0","0","0","0","0","0","0","0","0","0","0","0","0","0","0","0","0","0","0","0","0","3","0","8","0","0","0","2.67","1","0","0","0","0","0","0","0","0","0","0","0","0","0","0.8","0.1","0.27"
"Dare Ogunbowale","JAX","1","RB","1","1","0","9","0","0","0","0","100","3","9","9","6","0","0","0","0","0","0","0","0","0","0","0","2","0","9","0","0","0","4.5","2.5","0","0","0","0","0","0","0","0","0","0","0","0","0","2.3","0.15","0.77"
"Austin Ekeler","LAC","1","RB","10","6","0","60","0","0","0","1","60","4.3","6","10","7.67","1","1","0","10","16.7","0","0","0","0","0","0","11","0","64","0","1","0","5.82","4.36","2","0.18","0","4","1","36.4","100","1","1","9.1","100","0","0","21.4","0.48","1.26"
"Alex Armah","NO","1","RB","1","1","0","1","0","1","0","0","100","0","1","1","1","1","1","1","100","100","100","0","0","0","0","0","0","0","0","0","0","0","0","0","0","0","0","0","0","0","0","0","0","0","0","0","0","6.6","0.73","6.6"
"Aaron Jones","GB","1","RB","11","7","0","51","0","0","0","1","63.6","2.82","4.64","7.29","8.43","2","1","0","18.2","14.3","0","0","0","0","0","0","15","0","59","0","1","0","3.93","2.07","2","0.13","0","4","1","26.7","100","3","1","20","100","0","0","20.5","0.43","0.93"
"Jeremy McNichols","TEN","1","RB","3","3","0","33","0","0","0","0","100","1.67","11","11","9.33","0","0","0","0","0","0","0","0","0","0","0","0","0","0","0","0","0","0","0","0","0","0","0","0","0","0","0","0","0","0","0","0","4.8","0.28","1.6"
"Marlon Mack","IND","0","RB","0","0","0","0","0","0","0","0","0","0","0","0","0","0","0","0","0","0","0","0","0","0","0","0","0","0","0","0","0","0","0","0","0","0","0","0","0","0","0","0","0","0","0","0","0","0","0",""
"Samaje Perine","CIN","1","RB","2","2","0","16","0","0","0","0","100","-0.5","8","8","8.5","1","1","0","50","50","0","0","0","0","0","0","0","0","0","0","0","0","0","0","0","0","0","0","0","0","0","0","0","0","0","0","0","2.6","0.19","1.3"
"James Conner","ARZ","1","RB","0","0","0","0","0","0","0","0","0","0","0","0","0","0","0","0","0","0","0","0","0","0","0","0","5","0","22","0","2","0","4.4","2","0","0","0","2","2","40","100","1","1","20","50","0","0","14.2","0.65","2.84"
"Alvin Kamara","NO","1","RB","4","3","0","15","0","0","0","0","75","2","3.75","5","1.67","2","1","0","50","33.3","0","0","0","0","0","0","19","0","61","0","1","0","3.21","2.79","4","0.21","0","5","1","26.3","100","3","1","15.8","100","0","0","15.1","0.3","0.69"
"Joe Mixon","CIN","1","RB","5","4","1","58","0","1","0","0","80","0.2","11.6","14.5","14.5","3","2","1","60","50","100","0","0","0","0","0","14","0","33","0","1","0","2.36","2.07","2","0.14","0","5","1","35.7","100","3","1","21.4","100","0","0","23.1","0.55","1.28"
"Dalvin Cook","MIN","1","RB","2","0","0","0","0","0","0","0","0","-1","0","0","0","0","0","0","0","0","0","0","0","0","0","0","18","0","78","0","0","0","4.33","3","6","0.33","0","3","0","16.7","0","1","0","5.6","0","0","0","7.8","0.17","0.43"
"Leonard Fournette","TB","1","RB","5","3","0","17","0","0","0","1","60","1.4","3.4","5.67","4.67","1","0","0","20","0","0","0","0","0","0","0","8","0","26","0","0","0","3.25","3.38","1","0.13","0","0","0","0","0","0","0","0","0","0","0","5.8","0.16","0.53"
"J.D. McKissic","WAS","1","RB","8","8","0","83","0","0","0","0","100","-1.25","10.38","10.38","11.63","0","0","0","0","0","0","0","0","0","0","0","3","0","10","0","0","0","3.33","3","1","0.33","0","0","0","0","0","0","0","0","0","0","0","13.3","0.42","1.21"
"Alex Collins","SEA","1","RB","0","0","0","0","0","0","0","0","0","0","0","0","0","0","0","0","0","0","0","0","0","0","0","0","10","0","44","0","0","0","4.4","3","2","0.2","0","2","0","20","0","1","0","10","0","0","0","4.4","0.16","0.44"
"Jordan Howard","PHI","1","RB","0","0","0","0","0","0","0","0","0","0","0","0","0","0","0","0","0","0","0","0","0","0","0","0","12","0","57","0","2","0","4.75","3.67","2","0.17","0","7","2","58.3","100","3","2","25","100","0","0","17.7","1.11","1.47"
"Devontae Booker","NYG","1","RB","6","5","1","65","0","0","0","1","83.3","-0.17","10.83","13","13.8","0","0","0","0","0","0","0","0","0","0","0","15","0","60","0","0","0","4","2.27","0","0","0","2","0","13.3","0","0","0","0","0","0","0","15","0.27","0.75"
"Derrick Henry","TEN","1","RB","1","0","0","0","0","0","0","0","0","-7","0","0","0","0","0","0","0","0","0","0","0","0","0","0","28","0","68","0","0","0","2.43","2.36","4","0.14","1","3","0","10.7","0","0","0","0","0","0","0","6.8","0.13","0.24"
"Ezekiel Elliott","DAL","1","RB","6","4","0","23","0","0","0","0","66.7","-0.5","3.83","5.75","7.25","2","1","0","33.3","25","0","0","0","0","0","0","16","0","50","0","0","0","3.13","2","1","0.06","0","0","0","0","0","0","0","0","0","0","0","9.3","0.17","0.47"
"Mike Davis","ATL","1","RB","5","5","0","22","0","0","0","0","100","-2.8","4.4","4.4","7.2","0","0","0","0","0","0","0","0","0","0","0","9","0","44","0","0","0","4.89","2.33","0","0","0","0","0","0","0","0","0","0","0","0","0","9.1","0.27","0.65"
"David Johnson","HST","1","RB","1","1","0","-1","0","0","0","0","100","-1","-1","-1","0","0","0","0","0","0","0","0","0","0","0","0","2","0","4","0","0","0","2","2.5","0","0","0","0","0","0","0","0","0","0","0","0","0","0.8","0.07","0.27"
"Ameer Abdullah","CAR","1","RB","4","3","0","35","0","0","0","0","75","3.25","8.75","11.67","12","0","0","0","0","0","0","0","0","0","0","0","8","0","31","0","0","0","3.88","2.5","0","0","0","0","0","0","0","0","0","0","0","0","0","8.1","0.37","0.74"
"Melvin Gordon III","DEN","1","RB","3","3","0","15","0","1","0","0","100","0","5","5","5","1","1","1","33.3","33.3","100","0","0","0","0","0","10","0","47","0","1","0","4.7","3.9","5","0.5","1","2","1","20","100","0","0","0","0","0","0","19.7","0.66","1.52"
"Damien Williams","CHI","1","RB","0","0","0","0","0","0","0","0","0","0","0","0","0","0","0","0","0","0","0","0","0","0","0","0","2","0","-3","0","0","0","-1.5","1","0","0","0","0","0","0","0","0","0","0","0","0","0","-0.3","-0.07","-0.15"
"Jerick McKinnon","KC","1","RB","0","0","0","0","0","0","0","0","0","0","0","0","0","0","0","0","0","0","0","0","0","0","0","0","0","0","0","0","0","0","0","0","0","0","0","0","0","0","0","0","0","0","0","0","0","0","0",""
"Carlos Hyde","JAX","1","RB","6","6","0","40","0","0","0","0","100","0","6.67","6.67","6.67","1","1","0","16.7","16.7","0","0","0","0","0","0","9","0","32","0","0","0","3.56","2.33","1","0.11","0","0","0","0","0","0","0","0","0","0","0","10.2","0.2","0.68"
"Rex Burkhead","HST","1","RB","3","3","0","27","0","0","0","0","100","3.33","9","9","5.67","1","1","0","33.3","33.3","0","0","0","0","0","0","4","0","21","0","1","0","5.25","3.75","1","0.25","0","1","1","25","100","1","1","25","100","0","0","12.3","0.41","1.76"
"Giovani Bernard","TB","1","RB","1","1","0","7","0","1","0","0","100","2","7","7","5","1","1","1","100","100","100","0","0","0","0","0","2","0","30","0","0","0","15","12.5","1","0.5","0","0","0","0","0","0","0","0","0","0","0","10.2","0.78","3.4"
"Cordarrelle Patterson","ATL","1","RB","5","5","0","37","0","1","0","0","100","3","7.4","7.4","4.4","1","1","1","20","20","100","0","0","0","0","0","9","0","35","0","0","0","3.89","3.44","1","0.11","0","0","0","0","0","0","0","0","0","0","0","15.7","0.49","1.12"
"Brandon Bolden","NE","1","RB","0","0","0","0","0","0","0","0","0","0","0","0","0","0","0","0","0","0","0","0","0","0","0","0","4","0","26","0","0","0","6.5","5.25","1","0.25","0","0","0","0","0","0","0","0","0","0","0","2.6","0.1","0.65"
"Taiwan Jones","BUF","1","RB","0","0","0","0","0","0","0","0","0","0","0","0","0","0","0","0","0","0","0","0","0","0","0","0","0","0","0","0","0","0","0","0","0","0","0","0","0","0","0","0","0","0","0","0","0","0","0",""
"Mark Ingram II","NO","1","RB","2","2","0","25","0","0","0","0","100","-3.5","12.5","12.5","16","0","0","0","0","0","0","0","0","0","0","0","6","0","27","0","0","0","4.5","4","1","0.17","0","1","0","16.7","0","0","0","0","0","0","0","6.2","0.28","0.78"
"Tory Carter","TEN","1","RB","0","0","0","0","0","0","0","0","0","0","0","0","0","0","0","0","0","0","0","0","0","0","0","0","0","0","0","0","0","0","0","0","0","0","0","0","0","0","0","0","0","0","0","0","0","0","0",""
"Jason Cabinda","DET","1","RB","0","0","0","0","0","0","0","0","0","0","0","0","0","0","0","0","0","0","0","0","0","0","0","0","0","0","0","0","0","0","0","0","0","0","0","0","0","0","0","0","0","0","0","0","0","0","0",""
"Andrew Beck","DEN","1","RB","0","0","0","0","0","0","0","0","0","0","0","0","0","0","0","0","0","0","0","0","0","0","0","0","0","0","0","0","0","0","0","0","0","0","0","0","0","0","0","0","0","0","0","0","0","0","0",""
"Reggie Gilliam","BUF","1","RB","0","0","0","0","0","0","0","0","0","0","0","0","0","0","0","0","0","0","0","0","0","0","0","0","0","0","0","0","0","0","0","0","0","0","0","0","0","0","0","0","0","0","0","0","0","0","0",""
"Jakob Johnson","NE","1","RB","2","1","0","2","0","0","0","0","50","-0.5","1","2","2","1","1","0","50","100","0","0","0","0","0","0","0","0","0","0","0","0","0","0","0","0","0","0","0","0","0","0","0","0","0","0","0","0.7","0.03","0.7"
"Giovanni Ricci","CAR","1","RB","0","0","0","0","0","0","0","0","0","0","0","0","0","0","0","0","0","0","0","0","0","0","0","0","0","0","0","0","0","0","0","0","0","0","0","0","0","0","0","0","0","0","0","0","0","0","0",""
"C.J. Ham","MIN","1","RB","3","3","0","3","0","0","0","0","100","-1.67","1","1","2.67","0","0","0","0","0","0","0","0","0","0","0","1","0","0","0","0","0","0","1","1","1","0","0","0","0","0","0","0","0","0","0","0","1.8","0.07","0.45"
"Elijhaa Penny","NYG","1","RB","1","1","0","16","0","0","0","0","100","0","16","16","16","0","0","0","0","0","0","0","0","0","0","0","0","0","0","0","0","0","0","0","0","0","0","0","0","0","0","0","0","0","0","0","0","2.1","0.3","2.1"
"Derek Watt","PIT","1","RB","0","0","0","0","0","0","0","0","0","0","0","0","0","0","0","0","0","0","0","0","0","0","0","0","0","0","0","0","0","0","0","0","0","0","0","0","0","0","0","0","0","0","0","0","0","0","0",""
"Michael Burton","KC","1","RB","0","0","0","0","0","0","0","0","0","0","0","0","0","0","0","0","0","0","0","0","0","0","0","0","0","0","0","0","0","0","0","0","0","0","0","0","0","0","0","0","0","0","0","0","0","0","0",""
"Keith Smith","ATL","1","RB","0","0","0","0","0","0","0","0","0","0","0","0","0","0","0","0","0","0","0","0","0","0","0","0","0","0","0","0","0","0","0","0","0","0","0","0","0","0","0","0","0","0","0","0","0","0","0",""
"Kyle Juszczyk","SF","1","RB","2","1","0","11","0","0","0","0","50","12","5.5","11","6","1","0","0","50","0","0","0","0","0","0","0","0","0","0","0","0","0","0","0","0","0","0","0","0","0","0","0","0","0","0","0","0","1.6","0.05","1.6"
"Nick Bellore","SEA","1","RB","0","0","0","0","0","0","0","0","0","0","0","0","0","0","0","0","0","0","0","0","0","0","0","0","0","0","0","0","0","0","0","0","0","0","0","0","0","0","0","0","0","0","0","0","0","0","0",""
"Donald Parham Jr.","LAC","1","TE","0","0","0","0","0","0","0","0","0","0","0","0","0","0","0","0","0","0","0","0","0","0","0","0","0","0","0","0","0","0","0","0","0","0","0","0","0","0","0","0","0","0","0","0","0","0","0",""
"Tommy Tremble","CAR","1","TE","4","3","0","18","0","0","0","0","75","8.25","4.5","6","1.33","2","2","0","50","66.7","0","0","0","0","0","0","0","0","0","0","0","0","0","0","0","0","0","0","0","0","0","0","0","0","0","0","0","3.3","0.1","1.1"
"Brevin Jordan","HST","1","TE","4","3","0","41","0","1","0","0","75","10","10.25","13.67","4.67","1","1","1","25","33.3","100","1","1","25","33.3","100","0","0","0","0","0","0","0","0","0","0","0","0","0","0","0","0","0","0","0","0","0","11.6","0.77","3.87"
"Dominique Dafney","GB","1","TE","0","0","0","0","0","0","0","0","0","0","0","0","0","0","0","0","0","0","0","0","0","0","0","0","0","0","0","0","0","0","0","0","0","0","0","0","0","0","0","0","0","0","0","0","0","0","0",""
"Brock Wright","DET","1","TE","0","0","0","0","0","0","0","0","0","0","0","0","0","0","0","0","0","0","0","0","0","0","0","0","0","0","0","0","0","0","0","0","0","0","0","0","0","0","0","0","0","0","0","0","0","0","0",""
"Tre' McKitty","LAC","1","TE","0","0","0","0","0","0","0","0","0","0","0","0","0","0","0","0","0","0","0","0","0","0","0","0","0","0","0","0","0","0","0","0","0","0","0","0","0","0","0","0","0","0","0","0","0","0","0",""
"Noah Gray","KC","1","TE","0","0","0","0","0","0","0","0","0","0","0","0","0","0","0","0","0","0","0","0","0","0","0","0","0","0","0","0","0","0","0","0","0","0","0","0","0","0","0","0","0","0","0","0","0","0","0",""
"Anthony Firkser","TEN","1","TE","2","1","0","8","0","0","0","0","50","7","4","8","4","0","0","0","0","0","0","0","0","0","0","0","0","0","0","0","0","0","0","0","0","0","0","0","0","0","0","0","0","0","0","0","0","1.3","0.07","1.3"
"Hayden Hurst","ATL","1","TE","3","2","0","4","0","0","0","0","66.7","4.33","1.33","2","1.5","1","0","0","33.3","0","0","0","0","0","0","0","0","0","0","0","0","0","0","0","0","0","0","0","0","0","0","0","0","0","0","0","0","1.4","0.04","0.7"
"Durham Smythe","MIA","1","TE","0","0","0","0","0","0","0","0","0","0","0","0","0","0","0","0","0","0","0","0","0","0","0","0","0","0","0","0","0","0","0","0","0","0","0","0","0","0","0","0","0","0","0","0","0","0","0",""
"Mike Gesicki","MIA","1","TE","4","3","1","48","0","0","0","0","75","10.25","12","16","4.33","2","2","0","50","66.7","0","0","0","0","0","0","1","0","0","0","0","0","0","0","0","0","1","1","0","100","0","0","0","0","0","1","1","6.3","0.09","1.57"
"Jordan Akins","HST","1","TE","5","5","0","53","0","0","0","0","100","5.2","10.6","10.6","5.4","0","0","0","0","0","0","0","0","0","0","0","0","0","0","0","0","0","0","0","0","0","0","0","0","0","0","0","0","0","0","0","0","7.8","0.2","1.56"
"Noah Fant","DEN","1","TE","4","2","0","8","0","0","0","0","50","2.75","2","4","4.5","0","0","0","0","0","0","0","0","0","0","0","0","0","0","0","0","0","0","0","0","0","0","0","0","0","0","0","0","0","0","0","0","1.8","0.04","0.9"
"Ian Thomas","CAR","1","TE","1","1","0","10","0","0","0","0","100","5","10","10","5","0","0","0","0","0","0","0","0","0","0","0","0","0","0","0","0","0","0","0","0","0","0","0","0","0","0","0","0","0","0","0","0","1.5","0.03","1.5"
"Juwan Johnson","NO","1","TE","1","0","0","0","0","0","0","0","0","26","0","0","0","1","0","0","100","0","0","0","0","0","0","0","0","0","0","0","0","0","0","0","0","0","0","0","0","0","0","0","0","0","0","0","0","0","0",""
"Colin Thompson","CAR","1","TE","0","0","0","0","0","0","0","0","0","0","0","0","0","0","0","0","0","0","0","0","0","0","0","0","0","0","0","0","0","0","0","0","0","0","0","0","0","0","0","0","0","0","0","0","0","0","0",""
"Adam Shaheen","MIA","1","TE","1","1","0","8","0","0","0","0","100","6","8","8","2","0","0","0","0","0","0","0","0","0","0","0","0","0","0","0","0","0","0","0","0","0","0","0","0","0","0","0","0","0","0","0","0","1.3","0.03","1.3"
"MyCole Pruitt","TEN","1","TE","2","2","0","22","0","0","0","0","100","5.5","11","11","5.5","0","0","0","0","0","0","0","0","0","0","0","0","0","0","0","0","0","0","0","0","0","0","0","0","0","0","0","0","0","0","0","0","3.2","0.09","1.6"
"Travis Kelce","KC","1","TE","6","4","0","27","0","0","0","0","66.7","6.5","4.5","6.75","4.75","1","1","0","16.7","25","0","0","0","0","0","0","0","0","0","0","0","0","0","0","0","0","1","0","0","0","0","0","0","0","0","0","0","4.7","0.06","1.18"
"Marcedes Lewis","GB","1","TE","1","0","0","0","0","0","0","0","0","12","0","0","0","1","0","0","100","0","0","1","0","100","0","0","0","0","0","0","0","0","0","0","0","0","0","0","0","0","0","0","0","0","0","0","0","0","0",""
"Adam Trautman","NO","1","TE","5","2","0","4","0","0","0","0","40","6","0.8","2","0","2","1","0","40","50","0","1","0","20","0","0","0","0","0","0","0","0","0","0","0","0","0","0","0","0","0","0","0","0","0","0","0","1.4","0.02","0.7"
"Pat Freiermuth","PIT","1","TE","6","4","0","44","0","1","0","0","66.7","6.83","7.33","11","7.75","2","2","1","33.3","50","100","1","1","16.7","25","100","0","0","0","0","0","0","0","0","0","0","0","0","0","0","0","0","0","0","0","0","0","12.4","0.21","3.1"
"Kyle Pitts","ATL","1","TE","6","2","0","13","0","0","0","1","33.3","14.17","2.17","6.5","2.5","3","0","0","50","0","0","0","0","0","0","0","0","0","0","0","0","0","0","0","0","0","0","0","0","0","0","0","0","0","0","0","0","2.3","0.05","1.15"
"Cole Kmet","CHI","1","TE","6","3","0","24","0","0","0","0","50","6.17","4","8","4.33","3","2","0","50","66.7","0","1","0","16.7","0","0","0","0","0","0","0","0","0","0","0","0","0","0","0","0","0","0","0","0","0","0","0","3.9","0.06","1.3"
"Colby Parkinson","SEA","1","TE","0","0","0","0","0","0","0","0","0","0","0","0","0","0","0","0","0","0","0","0","0","0","0","0","0","0","0","0","0","0","0","0","0","0","0","0","0","0","0","0","0","0","0","0","0","0","0",""
"Dan Arnold","JAX","1","TE","8","8","0","68","0","0","0","0","100","4.5","8.5","8.5","4","1","1","0","12.5","12.5","0","0","0","0","0","0","0","0","0","0","0","0","0","0","0","0","0","0","0","0","0","0","0","0","0","0","0","10.8","0.2","1.35"
"Kendall Blanton","LA","1","TE","0","0","0","0","0","0","0","0","0","0","0","0","0","0","0","0","0","0","0","0","0","0","0","0","0","0","0","0","0","0","0","0","0","0","0","0","0","0","0","0","0","0","0","0","0","0","0",""
"Dalton Schultz","DAL","1","TE","6","2","0","11","0","0","0","0","33.3","6.67","1.83","5.5","3","1","0","0","16.7","0","0","0","0","0","0","0","0","0","0","0","0","0","0","0","0","0","0","0","0","0","0","0","0","0","0","0","0","2.1","0.04","1.05"
"Dallas Goedert","PHI","1","TE","6","6","0","72","0","0","0","0","100","7","12","12","5","0","0","0","0","0","0","0","0","0","0","0","0","0","0","0","0","0","0","0","0","0","0","0","0","0","0","0","0","0","0","0","0","10.2","0.23","1.7"
"Drew Sample","CIN","1","TE","0","0","0","0","0","0","0","0","0","0","0","0","0","0","0","0","0","0","0","0","0","0","0","0","0","0","0","0","0","0","0","0","0","0","0","0","0","0","0","0","0","0","0","0","0","0","0",""
"Mitchell Wilcox","CIN","1","TE","0","0","0","0","0","0","0","0","0","0","0","0","0","0","0","0","0","0","0","0","0","0","0","0","0","0","0","0","0","0","0","0","0","0","0","0","0","0","0","0","0","0","0","0","0","0","0",""
"Tommy Sweeney","BUF","1","TE","4","3","0","30","0","0","0","0","75","8.75","7.5","10","3.67","0","0","0","0","0","0","0","0","0","0","0","0","0","0","0","0","0","0","0","0","0","0","0","0","0","0","0","0","0","0","0","0","4.5","0.07","1.5"
"Chris Herndon","MIN","1","TE","1","1","0","7","0","0","0","0","100","-2","7","7","9","0","0","0","0","0","0","0","0","0","0","0","0","0","0","0","0","0","0","0","0","0","0","0","0","0","0","0","0","0","0","0","0","1.2","0.08","1.2"
"Tyler Conklin","MIN","1","TE","6","5","0","57","0","0","0","0","83.3","6.5","9.5","11.4","4.4","0","0","0","0","0","0","0","0","0","0","0","0","0","0","0","0","0","0","0","0","0","0","0","0","0","0","0","0","0","0","0","0","8.2","0.15","1.64"
"Josiah Deguara","GB","1","TE","2","2","0","20","0","0","0","0","100","-3","10","10","13","0","0","0","0","0","0","0","0","0","0","0","0","0","0","0","0","0","0","0","0","0","0","0","0","0","0","0","0","0","0","0","0","3","0.19","1.5"
"Luke Farrell","JAX","1","TE","1","1","0","3","0","0","0","0","100","-2","3","3","5","0","0","0","0","0","0","0","0","0","0","0","0","0","0","0","0","0","0","0","0","0","0","0","0","0","0","0","0","0","0","0","0","0.8","0.04","0.8"
"John Bates","WAS","1","TE","1","1","0","4","0","0","0","0","100","3","4","4","1","0","0","0","0","0","0","0","0","0","0","0","0","0","0","0","0","0","0","0","0","0","0","0","0","0","0","0","0","0","0","0","0","0.9","0.06","0.9"
"Charlie Woerner","SF","1","TE","2","1","0","7","0","0","0","0","50","7","3.5","7","2","0","0","0","0","0","0","0","0","0","0","0","0","0","0","0","0","0","0","0","0","0","0","0","0","0","0","0","0","0","0","0","0","1.2","0.03","1.2"
"Jack Stoll","PHI","1","TE","1","1","0","9","0","0","0","0","100","-6","9","9","15","0","0","0","0","0","0","0","0","0","0","0","0","0","0","0","0","0","0","0","0","0","0","0","0","0","0","0","0","0","0","0","0","1.4","0.03","1.4"
"Albert Okwuegbunam","DEN","1","TE","3","3","0","34","0","0","0","0","100","5.67","11.33","11.33","5.67","0","0","0","0","0","0","0","0","0","0","0","0","0","0","0","0","0","0","0","0","0","0","0","0","0","0","0","0","0","0","0","0","4.9","0.19","1.63"
"Kaden Smith","NYG","1","TE","0","0","0","0","0","0","0","0","0","0","0","0","0","0","0","0","0","0","0","0","0","0","0","0","0","0","0","0","0","0","0","0","0","0","0","0","0","0","0","0","0","0","0","0","0","0","0",""
"T.J. Hockenson","DET","1","TE","11","10","0","89","0","0","0","0","90.9","6.09","8.09","8.9","2.7","1","1","0","9.1","10","0","0","0","0","0","0","0","0","0","0","0","0","0","0","0","0","0","0","0","0","0","0","0","0","0","0","0","13.9","0.3","1.39"
"Kylen Granson","IND","1","TE","1","1","0","0","0","0","0","0","100","-4","0","0","4","1","1","0","100","100","0","0","0","0","0","0","0","0","0","0","0","0","0","0","0","0","0","0","0","0","0","0","0","0","0","0","0","0.5","0.05","0.5"
"Kahale Warring","BUF","1","TE","0","0","0","0","0","0","0","0","0","0","0","0","0","0","0","0","0","0","0","0","0","0","0","0","0","0","0","0","0","0","0","0","0","0","0","0","0","0","0","0","0","0","0","0","0","0","0",""
"Zach Gentry","PIT","1","TE","5","3","0","39","0","0","0","0","60","9.2","7.8","13","10","2","0","0","40","0","0","2","0","40","0","0","0","0","0","0","0","0","0","0","0","0","0","0","0","0","0","0","0","0","0","0","0","5.4","0.12","1.8"
"Jacob Harris","LA","1","TE","0","0","0","0","0","0","0","0","0","0","0","0","0","0","0","0","0","0","0","0","0","0","0","0","0","0","0","0","0","0","0","0","0","0","0","0","0","0","0","0","0","0","0","0","0","0","0",""
"Will Dissly","SEA","1","TE","0","0","0","0","0","0","0","0","0","0","0","0","0","0","0","0","0","0","0","0","0","0","0","0","0","0","0","0","0","0","0","0","0","0","0","0","0","0","0","0","0","0","0","0","0","0","0",""
"Harrison Bryant","CLV","1","TE","2","2","0","33","0","0","0","0","100","10","16.5","16.5","6.5","0","0","0","0","0","0","0","0","0","0","0","0","0","0","0","0","0","0","0","0","0","0","0","0","0","0","0","0","0","0","0","0","4.3","0.19","2.15"
"Antony Auclair","HST","1","TE","0","0","0","0","0","0","0","0","0","0","0","0","0","0","0","0","0","0","0","0","0","0","0","0","0","0","0","0","0","0","0","0","0","0","0","0","0","0","0","0","0","0","0","0","0","0","0",""
"Ross Dwelley","SF","1","TE","0","0","0","0","0","0","0","0","0","0","0","0","0","0","0","0","0","0","0","0","0","0","0","0","0","0","0","0","0","0","0","0","0","0","0","0","0","0","0","0","0","0","0","0","0","0","0",""
"Blake Jarwin","DAL","1","TE","1","0","0","0","0","0","0","0","0","20","0","0","0","0","0","0","0","0","0","0","0","0","0","0","0","0","0","0","0","0","0","0","0","0","0","0","0","0","0","0","0","0","0","0","0","0","0",""
"Robert Tonyan","GB","1","TE","4","3","0","49","0","0","0","0","75","10.25","12.25","16.33","7.67","1","1","0","25","33.3","0","0","0","0","0","0","0","0","0","0","0","0","0","0","0","0","0","0","0","0","0","0","0","0","0","0","0","6.4","0.18","2.13"
"Darrell Daniels","ARZ","1","TE","0","0","0","0","0","0","0","0","0","0","0","0","0","0","0","0","0","0","0","0","0","0","0","0","0","0","0","0","0","0","0","0","0","0","0","0","0","0","0","0","0","0","0","0","0","0","0",""
"Mo Alie-Cox","IND","1","TE","5","0","0","0","0","0","0","0","0","17.8","0","0","0","1","0","0","20","0","0","0","0","0","0","0","0","0","0","0","0","0","0","0","0","0","0","0","0","0","0","0","0","0","0","0","0","0","0",""
"Ricky Seals-Jones","WAS","1","TE","4","2","0","12","0","0","0","1","50","3","3","6","0.5","1","0","0","25","0","0","0","0","0","0","0","0","0","0","0","0","0","0","0","0","0","0","0","0","0","0","0","0","0","0","0","0","2.2","0.03","1.1"
"Eric Saubert","DEN","1","TE","0","0","0","0","0","0","0","0","0","0","0","0","0","0","0","0","0","0","0","0","0","0","0","0","0","0","0","0","0","0","0","0","0","0","0","0","0","0","0","0","0","0","0","0","0","0","0",""
"Jeremy Sprinkle","DAL","1","TE","0","0","0","0","0","0","0","0","0","0","0","0","0","0","0","0","0","0","0","0","0","0","0","0","0","0","0","0","0","0","0","0","0","0","0","0","0","0","0","0","0","0","0","0","0","0","0",""
"Jonnu Smith","NE","1","TE","2","2","0","13","0","0","0","0","100","-2","6.5","6.5","8.5","0","0","0","0","0","0","0","0","0","0","0","0","0","0","0","0","0","0","0","0","0","0","0","0","0","0","0","0","0","0","0","0","2.3","0.05","1.15"
"Gerald Everett","SEA","1","TE","2","1","0","7","0","0","0","0","50","9","3.5","7","0","1","0","0","50","0","0","1","0","50","0","0","1","0","-5","0","0","0","-5","0","0","0","0","0","0","0","0","0","0","0","0","0","0","0.7","0.02","0.35"
"David Njoku","CLV","1","TE","3","3","0","39","0","0","0","0","100","7.33","13","13","5.67","0","0","0","0","0","0","0","0","0","0","0","0","0","0","0","0","0","0","0","0","0","0","0","0","0","0","0","0","0","0","0","0","5.4","0.14","1.8"
"Evan Engram","NYG","1","TE","4","3","0","15","0","1","0","0","75","0.75","3.75","5","4.67","1","1","1","25","33.3","100","0","0","0","0","0","0","0","0","0","0","0","0","0","0","0","0","0","0","0","0","0","0","0","0","0","0","9","0.19","3"
"O.J. Howard","TB","1","TE","3","2","0","16","0","0","0","0","66.7","5.33","5.33","8","6","0","0","0","0","0","0","0","0","0","0","0","0","0","0","0","0","0","0","0","0","0","0","0","0","0","0","0","0","0","0","0","0","2.6","0.09","1.3"
"Garrett Griffin","NO","1","TE","3","3","0","30","0","0","0","0","100","3","10","10","7","0","0","0","0","0","0","0","0","0","0","0","0","0","0","0","0","0","0","0","0","0","0","0","0","0","0","0","0","0","0","0","0","4.5","0.17","1.5"
"Stephen Anderson","LAC","1","TE","0","0","0","0","0","0","0","0","0","0","0","0","0","0","0","0","0","0","0","0","0","0","0","0","0","0","0","0","0","0","0","0","0","0","0","0","0","0","0","0","0","0","0","0","0","0","0",""
"J.P. Holtz","CHI","1","TE","0","0","0","0","0","0","0","0","0","0","0","0","0","0","0","0","0","0","0","0","0","0","0","0","0","0","0","0","0","0","0","0","0","0","0","0","0","0","0","0","0","0","0","0","0","0","0",""
"Tyler Higbee","LA","1","TE","3","3","0","25","0","0","0","0","100","0.33","8.33","8.33","8","0","0","0","0","0","0","0","0","0","0","0","0","0","0","0","0","0","0","0","0","0","0","0","0","0","0","0","0","0","0","0","0","4","0.09","1.33"
"Austin Hooper","CLV","1","TE","6","4","0","26","0","0","0","1","66.7","5","4.33","6.5","2.75","4","2","0","66.7","50","0","0","0","0","0","0","0","0","0","0","0","0","0","0","0","0","0","0","0","0","0","0","0","0","0","0","0","4.6","0.12","1.15"
"Hunter Henry","NE","1","TE","3","1","0","33","0","0","0","0","33.3","9","11","33","16","3","1","0","100","100","0","1","0","33.3","0","0","0","0","0","0","0","0","0","0","0","0","0","0","0","0","0","0","0","0","0","0","0","3.8","0.08","3.8"
"Chris Manhertz","JAX","1","TE","0","0","0","0","0","0","0","0","0","0","0","0","0","0","0","0","0","0","0","0","0","0","0","0","0","0","0","0","0","0","0","0","0","0","0","0","0","0","0","0","0","0","0","0","0","0","0",""
"Daniel Brown","NYJ","1","TE","0","0","0","0","0","0","0","0","0","0","0","0","0","0","0","0","0","0","0","0","0","0","0","0","0","0","0","0","0","0","0","0","0","0","0","0","0","0","0","0","0","0","0","0","0","0","0",""
"Geoff Swaim","TEN","1","TE","5","4","0","23","0","1","0","0","80","4.2","4.6","5.75","2.25","1","1","1","20","25","100","1","1","20","25","100","0","0","0","0","0","0","0","0","0","0","0","0","0","0","0","0","0","0","0","0","0","10.3","0.18","2.58"
"Jesse James","CHI","1","TE","3","3","0","38","0","1","0","0","100","10.67","12.67","12.67","3","1","1","1","33.3","33.3","100","1","1","33.3","33.3","100","0","0","0","0","0","0","0","0","0","0","0","0","0","0","0","0","0","0","0","0","0","11.3","0.3","3.77"
"C.J. Uzomah","CIN","1","TE","4","4","0","33","0","0","0","0","100","1.75","8.25","8.25","6.5","0","0","0","0","0","0","0","0","0","0","0","0","0","0","0","0","0","0","0","0","0","0","0","0","0","0","0","0","0","0","0","0","5.3","0.11","1.32"
"Blake Bell","KC","1","TE","1","0","0","0","0","0","0","1","0","13","0","0","0","1","0","0","100","0","0","0","0","0","0","0","0","0","0","0","0","0","0","0","0","0","0","0","0","0","0","0","0","0","0","0","0","0","0",""
"Tyler Kroft","NYJ","1","TE","2","2","0","20","0","1","0","0","100","12.5","10","10","0.5","1","1","1","50","50","100","1","1","50","50","100","0","0","0","0","0","0","0","0","0","0","0","0","0","0","0","0","0","0","0","0","0","9","0.18","4.5"
"Cameron Brate","TB","1","TE","2","2","0","15","0","0","0","0","100","4.5","7.5","7.5","3","1","1","0","50","50","0","0","0","0","0","0","0","0","0","0","0","0","0","0","0","0","0","0","0","0","0","0","0","0","0","0","0","2.5","0.07","1.25"
"Richard Rodgers","PHI","1","TE","0","0","0","0","0","0","0","0","0","0","0","0","0","0","0","0","0","0","0","0","0","0","0","0","0","0","0","0","0","0","0","0","0","0","0","0","0","0","0","0","0","0","0","0","0","0","0",""
"Demetrius Harris","ARZ","1","TE","0","0","0","0","0","0","0","0","0","0","0","0","0","0","0","0","0","0","0","0","0","0","0","0","0","0","0","0","0","0","0","0","0","0","0","0","0","0","0","0","0","0","0","0","0","0","0",""
"Jack Doyle","IND","1","TE","2","2","0","12","0","1","0","0","100","3","6","6","3","1","1","1","50","50","100","0","0","0","0","0","0","0","0","0","0","0","0","0","0","0","0","0","0","0","0","0","0","0","0","0","0","8.2","0.16","4.1"
"Ryan Griffin","NYJ","1","TE","1","1","0","7","0","0","0","0","100","6","7","7","1","0","0","0","0","0","0","0","0","0","0","0","0","0","0","0","0","0","0","0","0","0","0","0","0","0","0","0","0","0","0","0","0","1.2","0.03","1.2"
"Zach Ertz","ARZ","1","TE","4","4","0","42","0","0","0","0","100","4.25","10.5","10.5","6.25","2","2","0","50","50","0","0","0","0","0","0","0","0","0","0","0","0","0","0","0","0","0","0","0","0","0","0","0","0","0","0","0","6.2","0.14","1.55"
"Lee Smith","ATL","1","TE","0","0","0","0","0","0","0","0","0","0","0","0","0","0","0","0","0","0","0","0","0","0","0","0","0","0","0","0","0","0","0","0","0","0","0","0","0","0","0","0","0","0","0","0","0","0","0",""
"Luke Stocker","MIN","1","TE","1","1","0","7","0","0","0","0","100","2","7","7","5","0","0","0","0","0","0","0","0","0","0","0","0","0","0","0","0","0","0","0","0","0","0","0","0","0","0","0","0","0","0","0","0","1.2","0.07","1.2"
"Kyle Rudolph","NYG","1","TE","3","2","0","12","0","1","0","0","66.7","6.67","4","6","5","2","1","1","66.7","50","100","2","1","66.7","50","100","0","0","0","0","0","0","0","0","0","0","0","0","0","0","0","0","0","0","0","0","0","8.2","0.39","4.1"
"Rob Gronkowski","TB","1","TE","1","0","0","0","0","0","0","0","0","12","0","0","0","1","0","0","100","0","0","1","0","100","0","0","0","0","0","0","0","0","0","0","0","0","0","0","0","0","0","0","0","0","0","0","0","0","0",""
"Jared Cook","LAC","1","TE","4","2","0","25","0","0","0","0","50","6.5","6.25","12.5","5","0","0","0","0","0","0","0","0","0","0","0","0","0","0","0","0","0","0","0","0","0","0","0","0","0","0","0","0","0","0","0","0","3.5","0.11","1.75"