"Rank","Player","ATT","YDS","Y/A","LG","20+","TD","REC","TGT","YDS","Y/R","TD","FL","G","FPTS","FPTS/G","ROST"
"1","Christian McCaffrey (SF)","272","1,459","5.4","72","19","14","67","83","564","8.4","7","2","16","391.3","24.5","100.0%"
"2","Breece Hall (NYJ)","223","994","4.5","83","19","5","76","95","591","7.8","4","0","17","290.5","17.1","98.8%"
"3","Travis Etienne Jr. (JAC)","267","1,008","3.8","62","11","11","58","73","476","8.2","1","0","17","282.4","16.6","99.7%"
"4","Rachaad White (TB)","272","990","3.6","38","5","6","64","70","549","8.6","3","2","17","267.9","15.8","97.2%"
"5","Raheem Mostert (MIA)","209","1,012","4.8","49","12","18","25","32","175","7.0","3","1","15","267.7","17.8","89.9%"
"6","Joe Mixon (HOU)","257","1,034","4.0","44","5","9","52","64","376","7.2","3","0","17","267.0","15.7","99.0%"
"7","Kyren Williams (LAR)","228","1,144","5.0","56","11","12","32","48","206","6.4","3","2","12","255.0","21.3","96.1%"
"8","Derrick Henry (BAL)","280","1,167","4.2","69","11","12","28","36","214","7.6","0","0","17","246.7","14.5","99.3%"
"9","Bijan Robinson (ATL)","214","976","4.6","38","9","4","58","86","487","8.4","4","3","17","246.3","14.5","99.8%"
"10","Jahmyr Gibbs (DET)","182","945","5.2","36","14","10","52","71","316","6.1","1","1","15","242.1","16.1","99.3%"
"11","Alvin Kamara (NO)","180","694","3.9","17","0","5","75","86","466","6.2","1","0","13","233.0","17.9","97.8%"
"12","James Cook (BUF)","237","1,122","4.7","42","10","2","44","54","445","10.1","4","2","17","232.7","13.7","97.7%"
"13","Saquon Barkley (PHI)","247","962","3.9","36","12","6","41","60","280","6.8","4","2","14","223.2","15.9","99.9%"
"14","Tony Pollard (TEN)","252","1,005","4.0","31","7","6","55","67","311","5.7","0","1","17","222.6","13.1","91.9%"
"15","Isiah Pacheco (KC)","205","935","4.6","48","11","7","44","49","244","5.5","2","1","14","213.9","15.3","97.7%"
"16","Jerome Ford (CLE)","204","813","4.0","69","11","4","44","63","319","7.3","5","1","17","211.2","12.4","70.8%"
"17","David Montgomery (DET)","219","1,015","4.6","75","9","13","16","24","117","7.3","0","1","14","207.2","14.8","91.6%"
"18","James Conner (ARI)","208","1,040","5.0","44","14","7","27","33","165","6.1","2","0","13","201.5","15.5","90.0%"
"19","Kenneth Walker III (SEA)","219","905","4.1","45","11","8","29","37","259","8.9","1","0","15","199.4","13.3","96.6%"
"20","D'Andre Swift (CHI)","229","1,049","4.6","43","10","5","39","49","214","5.5","1","1","16","199.3","12.5","92.4%"
"21","Brian Robinson Jr. (WAS)","178","733","4.1","29","4","5","36","43","368","10.2","4","2","15","198.1","13.2","84.3%"
"22","Jaylen Warren (PIT)","149","784","5.3","74","9","4","61","74","370","6.1","0","2","17","196.4","11.6","82.5%"
"23","Najee Harris (PIT)","255","1,035","4.1","25","8","8","29","38","170","5.9","0","1","17","195.5","11.5","89.5%"
"24","De'Von Achane (MIA)","103","800","7.8","76","21","8","27","37","197","7.3","3","1","11","190.7","17.3","94.9%"
"25","Gus Edwards (LAC)","198","810","4.1","42","8","13","12","13","180","15.0","0","2","17","187.0","11.0","78.8%"
"26","Austin Ekeler (WAS)","179","628","3.5","55","7","5","51","74","436","8.5","1","4","14","185.4","13.2","91.4%"
"27","Chuba Hubbard (CAR)","238","902","3.8","22","4","5","39","44","233","6.0","0","0","17","182.5","10.7","63.2%"
"28","Josh Jacobs (GB)","233","805","3.5","63","8","6","37","54","296","8.0","0","1","13","181.1","13.9","97.2%"
"29","Javonte Williams (DEN)","217","774","3.6","21","2","3","47","58","228","4.9","2","1","16","179.2","11.2","86.5%"
"30","Ezekiel Elliott (DAL)","184","642","3.5","17","0","3","51","65","313","6.1","2","1","17","174.5","10.3","58.2%"
"31","Zack Moss (CIN)","183","794","4.3","56","11","5","27","37","192","7.1","2","0","14","169.6","12.1","72.5%"
"32","Devin Singletary (NYG)","216","898","4.2","24","3","4","30","38","193","6.4","0","0","17","167.3","9.8","80.6%"
"33","Jonathan Taylor (IND)","169","741","4.4","49","8","7","19","23","153","8.1","1","0","10","156.4","15.6","98.7%"
"34","Tyjae Spears (TEN)","100","453","4.5","23","3","2","52","70","385","7.4","1","0","17","153.8","9.0","62.5%"
"35","Rhamondre Stevenson (NE)","156","619","4.0","64","4","4","38","51","238","6.3","0","1","12","145.7","12.1","82.1%"
"36","Tyler Allgeier (ATL)","186","683","3.7","31","3","4","18","23","193","10.7","1","0","17","137.6","8.1","48.6%"
"37","Aaron Jones (MIN)","142","656","4.6","39","4","2","30","43","233","7.8","1","1","11","134.9","12.3","91.4%"
"38","Alexander Mattison (LV)","180","700","3.9","21","1","0","30","44","192","6.4","3","2","16","133.2","8.3","41.2%"
"39","Antonio Gibson (NE)","65","265","4.1","16","0","1","48","59","389","8.1","2","2","16","127.4","8.0","54.2%"
"40","Samaje Perine (DEN)","53","238","4.5","24","1","1","50","56","455","9.1","0","2","17","121.3","7.1","12.8%"
"41","Kareem Hunt (CLE)","135","411","3.0","16","0","9","15","21","84","5.6","0","0","15","118.5","7.9","27.3%"
"42","AJ Dillon (GB)","178","613","3.4","40","3","2","22","28","223","10.1","0","0","15","117.6","7.8","36.9%"
"43","Khalil Herbert (CHI)","132","611","4.6","38","8","2","20","31","134","6.7","1","1","12","112.5","9.4","31.5%"
"44","Justice Hill (BAL)","84","387","4.6","41","4","3","28","39","206","7.4","1","1","16","109.3","6.8","10.2%"
"45","Zach Charbonnet (SEA)","108","462","4.3","23","4","1","33","40","209","6.3","0","0","16","106.1","6.6","60.2%"
"46","Jaleel McLaughlin (DEN)","76","410","5.4","38","6","1","31","36","160","5.2","2","0","17","106.0","6.2","9.7%"
"47","Roschon Johnson (CHI)","81","352","4.3","29","2","2","34","40","209","6.1","0","0","15","102.1","6.8","15.1%"
"48","Ty Chandler (MIN)","102","461","4.5","31","5","3","21","25","159","7.6","0","0","16","101.0","6.3","59.0%"
"49","Kenneth Gainwell (PHI)","84","364","4.3","32","4","2","30","37","183","6.1","0","1","16","97.4","6.1","15.1%"
"50","Rico Dowdle (DAL)","89","361","4.1","21","2","2","17","22","144","8.5","2","0","16","91.5","5.7","15.6%"
"51","D'Onta Foreman (CLE)","109","425","3.9","22","1","4","11","16","77","7.0","1","0","9","91.2","10.1","19.2%"
"52","Miles Sanders (CAR)","129","432","3.3","48","3","1","27","41","154","5.7","0","2","16","87.6","5.5","27.3%"
"53","Jerick McKinnon (FA)","21","60","2.9","10","0","1","25","32","192","7.7","4","0","12","84.4","7.0","16.2%"
"54","Latavius Murray (BUF)","79","300","3.8","29","2","4","17","22","119","7.0","0","0","16","82.9","5.2","7.6%"
"55","Dameon Pierce (HOU)","145","416","2.9","22","1","2","13","17","101","7.8","0","0","14","82.7","5.9","28.8%"
"56","Zamir White (LV)","104","451","4.3","43","4","1","15","19","98","6.5","0","1","15","73.9","4.9","71.4%"
"57","Emari Demercado (ARI)","58","284","4.9","49","3","2","21","30","119","5.7","0","0","14","73.3","5.2","2.3%"
"58","Clyde Edwards-Helaire (KC)","70","223","3.2","20","1","1","17","22","188","11.1","1","0","15","70.1","4.7","23.4%"
"59","Keaton Mitchell (BAL)","47","396","8.4","60","13","2","9","11","93","10.3","0","0","7","69.9","10.0","18.6%"
"60","Joshua Kelley (LAC)","107","405","3.8","49","4","2","8","12","32","4.0","0","1","17","61.7","3.6","6.7%"
"61","Jamaal Williams (NO)","106","306","2.9","17","0","1","18","20","62","3.4","0","0","13","60.8","4.7","10.4%"
"62","Michael Carter (ARI)","30","187","6.2","21","1","0","24","31","101","4.2","1","0","15","58.8","3.9","1.4%"
"63","Chase Brown (CIN)","44","179","4.1","31","3","0","14","15","156","11.1","1","0","12","53.5","4.5","32.8%"
"64","Elijah Mitchell (SF)","75","281","3.7","18","0","2","6","8","14","2.3","0","0","11","47.5","4.3","9.1%"
"65","Matt Breida (NYG)","55","151","2.7","9","0","1","17","21","88","5.2","0","0","17","46.9","2.8","1.1%"
"66","Cam Akers (MIN)","60","167","2.8","19","0","2","11","12","70","6.4","0","0","7","46.7","6.7","9.3%"
"67","Royce Freeman (DAL)","77","319","4.1","23","1","2","1","2","13","13.0","0","0","11","46.2","4.2","3.3%"
"68","Jordan Mason (SF)","40","206","5.2","26","1","3","3","4","31","10.3","0","0","16","44.7","2.8","2.3%"
"69","Darrell Henderson Jr. (FA)","46","112","2.4","16","0","2","10","14","103","10.3","0","0","4","43.5","10.9","2.6%"
"70","Kendre Miller (NO)","41","156","3.8","18","0","1","10","11","117","11.7","0","0","8","43.3","5.4","4.1%"
"71","Salvon Ahmed (MIA)","22","61","2.8","10","0","1","16","23","88","5.5","1","0","9","42.9","4.8","0.6%"
"72","Pierre Strong Jr. (CLE)","63","291","4.6","40","4","1","5","8","47","9.4","0","1","17","42.8","2.5","0.7%"
"73","Jeff Wilson Jr. (MIA)","41","188","4.6","15","0","0","14","17","85","6.1","0","0","10","41.3","4.1","6.9%"
"74","Ameer Abdullah (LV)","15","89","5.9","12","0","0","19","24","131","6.9","0","0","17","41.0","2.4","0.8%"
"75","Dalvin Cook (BAL)","67","214","3.2","14","0","0","15","20","78","5.2","0","2","15","40.2","2.7","9.5%"
"76","Chase Edmonds (TB)","49","176","3.6","21","1","0","14","17","81","5.8","0","0","13","39.7","3.1","0.9%"
"77","Kyle Juszczyk (SF)","5","6","1.2","3","0","0","14","17","119","8.5","2","0","17","38.5","2.3","1.4%"
"78","Chris Rodriguez Jr. (WAS)","51","247","4.8","16","0","2","2","2","12","6.0","0","1","11","37.9","3.4","1.3%"
"79","Cordarrelle Patterson (PIT)","50","181","3.6","18","0","0","9","12","38","4.2","1","0","14","36.9","2.6","1.4%"
"80","D'Ernest Johnson (JAC)","41","108","2.6","19","0","0","10","12","140","14.0","0","0","17","34.8","2.0","2.8%"
"81","Ty Johnson (BUF)","30","132","4.4","13","0","0","7","7","62","8.9","1","0","9","32.4","3.6","0.8%"
"82","Tony Jones Jr. (ARI)","26","95","3.7","19","0","2","7","10","37","5.3","0","0","7","32.2","4.6","0.0%"
"83","Patrick Taylor Jr. (SF)","32","141","4.4","24","1","0","11","17","49","4.5","0","0","11","30.0","2.7","1.1%"
"84","Darrynton Evans (BUF)","32","121","3.8","13","0","1","7","12","49","7.0","0","0","6","30.0","5.0","0.3%"
"85","Craig Reynolds (DET)","41","179","4.4","19","0","1","5","5","47","9.4","0","2","15","29.6","2.0","0.8%"
"86","Alec Ingold (MIA)","2","0","0.0","0","0","0","13","16","119","9.2","0","0","17","24.9","1.5","0.2%"
"87","Nick Chubb (CLE)","28","170","6.1","20","1","0","4","4","21","5.3","0","0","2","23.1","11.6","54.3%"
"88","Tank Bigsby (JAC)","50","132","2.6","12","0","2","1","4","6","6.0","0","2","16","22.8","1.4","3.9%"
"89","Kevin Harris (NE)","16","65","4.1","18","0","1","3","3","58","19.3","0","0","4","21.3","5.3","0.3%"
"90","Trey Sermon (IND)","35","160","4.6","27","1","0","3","6","13","4.3","0","0","12","20.3","1.7","0.9%"
"91","Ronnie Rivers (LAR)","32","129","4.0","10","0","0","5","5","22","4.4","0","0","9","20.1","2.2","0.7%"
"92","Melvin Gordon III (FA)","26","81","3.1","22","1","1","3","3","46","15.3","0","1","4","19.7","4.9","0.1%"
"93","Damien Harris (FA)","23","94","4.1","11","0","1","2","2","16","8.0","0","0","7","19.0","2.7","4.6%"
"94","Isaiah Spiller (LAC)","37","96","2.6","8","0","0","6","6","34","5.7","0","0","9","19.0","2.1","1.1%"
"95","Tyler Goodson (IND)","13","87","6.7","31","2","0","6","9","34","5.7","0","0","6","18.1","3.0","0.1%"
"96","Raheem Blackshear (CAR)","14","46","3.3","9","0","0","6","7","45","7.5","0","0","11","17.1","1.6","0.2%"
"97","Israel Abanikanda (NYJ)","22","70","3.2","12","0","0","7","11","43","6.1","0","1","7","16.3","2.3","2.0%"
"98","Patrick Ricard (BAL)","0","0","0","0","0","0","5","7","52","10.4","1","0","17","16.2","1.0","0.1%"
"99","Boston Scott (LAR)","20","86","4.3","18","0","0","4","6","52","13.0","0","1","12","15.8","1.3","0.1%"
"100","Deuce Vaughn (DAL)","23","40","1.7","13","0","0","7","7","40","5.7","0","0","7","15.0","2.1","2.3%"
"101","Trayveon Williams (CIN)","15","69","4.6","15","0","0","7","9","10","1.4","0","0","17","14.9","0.9","0.4%"
"102","Emanuel Wilson (GB)","14","85","6.1","31","2","0","4","5","23","5.8","0","0","7","14.8","2.1","0.3%"
"103","Keaontay Ingram (KC)","35","74","2.1","14","0","0","4","4","26","6.5","0","0","7","14.0","2.0","1.2%"
"104","La'Mical Perine (KC)","22","77","3.5","10","0","0","3","5","33","11.0","0","0","5","14.0","2.8","0.4%"
"105","Mike Boone (CAR)","5","23","4.6","11","0","0","7","9","40","5.7","0","0","9","13.3","1.5","0.1%"
"106","Eric Gray (NYG)","17","48","2.8","12","0","0","6","7","22","3.7","0","0","14","13.0","0.9","0.7%"
"107","Hunter Luepke (DAL)","6","19","3.2","9","0","1","3","4","18","6.0","0","0","17","12.7","0.7","0.1%"
"108","J.K. Dobbins (LAC)","8","22","2.8","4","0","1","2","3","15","7.5","0","0","1","11.7","11.7","26.4%"
"109","Gary Brightwell (NYG)","9","19","2.1","5","0","0","5","7","47","9.4","0","0","4","11.6","2.9","0.2%"
"110","Nick Bawden (NYJ)","2","4","2.0","3","0","1","3","3","21","7.0","0","0","16","11.5","0.7","0.1%"
"111","Brandon Bolden (LV)","4","31","7.8","26","1","1","0","0","0","0","0","0","5","11.1","2.2","0.0%"
"112","Chris Brooks (MIA)","19","106","5.6","52","5","0","0","0","0","0","0","0","4","10.6","2.7","0.1%"
"113","Dare Ogunbowale (FA)","8","35","4.4","17","0","0","2","7","18","9.0","0","0","10","10.3","1.0","0.3%"
"114","C.J. Ham (MIN)","1","7","7.0","7","0","0","7","9","25","3.6","0","0","17","10.2","0.6","0.1%"
"115","Ty Montgomery II (FA)","3","9","3.0","7","0","0","5","12","40","8.0","0","0","13","9.9","0.8","0.0%"
"116","DeeJay Dallas (ARI)","10","36","3.6","8","0","0","6","9","26","4.3","0","2","17","8.2","0.5","0.6%"
"117","Damien Williams (FA)","11","43","3.9","9","0","0","2","2","12","6.0","0","0","3","7.5","2.5","0.1%"
"118","Michael Burton (DEN)","7","9","1.3","4","0","0","3","3","8","2.7","0","0","17","6.7","0.4","0.1%"
"119","Ke'Shawn Vaughn (NE)","24","42","1.8","9","0","0","2","5","2","1.0","0","0","5","6.4","1.3","0.1%"
"120","Keith Smith (ATL)","0","0","0","0","0","0","3","3","33","11.0","0","0","13","6.3","0.5","0.0%"
"121","Khari Blasingame (CHI)","8","26","3.3","6","0","0","3","6","2","0.7","0","0","16","5.8","0.4","0.1%"
"122","Sean Tucker (TB)","15","23","1.5","7","0","0","2","2","9","4.5","0","0","5","5.2","1.0","0.4%"
"123","Rashaad Penny (CAR)","11","33","3.0","7","0","0","1","1","5","5.0","0","0","3","4.8","1.6","4.1%"
"124","Alex Armah Jr. (WAS)","0","0","0","0","0","0","3","3","13","4.3","0","0","7","4.3","0.6","0.0%"
"125","Jashaun Corbin (NYG)","1","1","1.0","1","0","0","3","3","12","4.0","0","0","3","4.3","1.4","0.0%"
"126","Deon Jackson (NYG)","14","16","1.1","7","0","0","5","6","14","2.8","0","2","2","4.0","2.0","0.6%"
"127","Leonard Fournette (FA)","12","40","3.3","9","0","0","0","0","0","0","0","0","2","4.0","2.0","2.1%"
"128","Elijah Dotson (LAC)","4","6","1.5","2","0","0","2","2","13","6.5","0","0","4","3.9","1.0","0.2%"
"129","Jake Funk (DET)","2","10","5.0","7","0","0","1","1","12","12.0","0","0","1","3.2","3.2","0.1%"
"130","Kenyan Drake (FA)","2","0","0.0","0","0","0","2","3","31","15.5","0","1","3","3.1","1.0","0.0%"
"131","Zonovan Knight (DET)","3","13","4.3","8","0","0","1","1","8","8.0","0","0","2","3.1","1.6","0.1%"
"132","Anthony McFarland Jr. (FA)","0","0","0","0","0","0","2","2","11","5.5","0","0","3","3.1","1.0","0.0%"
"133","Derrick Gore (WAS)","3","26","8.7","23","1","0","0","0","0","0","0","0","5","2.6","0.5","0.0%"
"134","Adam Prentice (NO)","2","12","6.0","7","0","0","2","3","12","6.0","0","1","13","2.4","0.2","0.1%"
"135","Devine Ozigbo (FA)","3","5","1.7","4","0","0","1","1","8","8.0","0","0","2","2.3","1.2","0.0%"
"136","Jacob Johnson (FA)","0","0","0","0","0","0","1","2","12","12.0","0","0","13","2.2","0.2","0.0%"
"137","Chris Evans (CIN)","2","12","6.0","7","0","0","1","1","-1","-1.0","0","0","7","2.1","0.3","0.2%"
"138","Tyrion Davis-Price (PHI)","6","21","3.5","15","0","0","0","0","0","0","0","0","1","2.1","2.1","0.1%"
"139","Zach Evans (LAR)","9","19","2.1","5","0","0","0","0","0","0","0","0","4","1.9","0.5","0.8%"
"140","Evan Hull (IND)","1","1","1.0","1","0","0","1","1","6","6.0","0","0","1","1.7","1.7","0.8%"
"141","Kene Nwangwu (MIN)","5","13","2.6","8","0","0","0","0","0","0","0","0","8","1.3","0.2","0.2%"
"142","Reggie Gilliam (BUF)","0","0","0","0","0","0","1","1","3","3.0","0","0","16","1.3","0.1","0.0%"
"143","Jonathan Ward (TEN)","3","11","3.7","8","0","0","0","0","0","0","0","0","5","1.1","0.2","0.0%"
"144","James Robinson (NO)","1","2","2.0","2","0","0","1","1","-2","-2.0","0","0","1","1.0","1.0","0.1%"
"145","Mike Weber (NYG)","0","0","0","0","0","0","0","0","0","0","0","0","0","0","0","0.0%"
"146","Travis Homer (CHI)","0","0","0","0","0","0","0","1","0","0","0","0","9","0.0","0.0","0.2%"
"147","Andrew Beck (HOU)","5","3","0.6","2","0","1","11","13","55","5.0","2","1","15","0.0","0.0","0.1%"
"148","Jermar Jefferson (DET)","0","0","0","0","0","0","0","0","0","0","0","0","0","0","0","0.1%"
"149","Kirk Merritt (FA)","0","0","0","0","0","0","0","0","0","0","0","0","1","0.0","0.0","0.0%"
"150","Elijah Collins (CIN)","0","0","0","0","0","0","0","0","0","0","0","0","0","0","0","0.0%"
"151","Demetric Felton Jr. (CIN)","0","0","0","0","0","0","0","0","0","0","0","0","0","0","0","0.0%"
"152","Eno Benjamin (NO)","0","0","0","0","0","0","0","0","0","0","0","0","0","0","0","0.1%"
"153","J.J. Taylor (HOU)","0","0","0","0","0","0","0","0","0","0","0","0","0","0","0","0.1%"
"154","JaMycal Hasty (NE)","0","0","0","0","0","0","0","2","0","0","0","0","2","0.0","0.0","0.1%"
"155","Austin Walter (LV)","0","0","0","0","0","0","0","0","0","0","0","0","1","0.0","0.0","0.0%"
"156","Jaret Patterson (LAC)","0","0","0","0","0","0","0","0","0","0","0","0","0","0","0","0.1%"
"157","Mohamed Ibrahim (FA)","0","0","0","0","0","0","0","0","0","0","0","0","1","0.0","0.0","0.0%"
"158","Dylan McDuffie (GB)","0","0","0","0","0","0","0","0","0","0","0","0","0","0","0","0.0%"
"159","Trey Benson (ARI)","0","0","0","0","0","0","0","0","0","0","0","0","0","0","0","24.9%"
"160","Xazavian Valladay (NYJ)","0","0","0","0","0","0","0","0","0","0","0","0","0","0","0","0.1%"
"161","Kenny McIntosh (SEA)","0","0","0","0","0","0","0","0","0","0","0","0","0","0","0","0.3%"
"162","DeWayne McBride (MIN)","0","0","0","0","0","0","0","0","0","0","0","0","0","0","0","0.1%"
"163","SaRodorick Thompson Jr. (DAL)","0","0","0","0","0","0","0","0","0","0","0","0","2","0.0","0.0","0.0%"
"164","Derek Parish (FA)","0","0","0","0","0","0","0","0","0","0","0","0","1","0.0","0.0","0.0%"
"165","Lew Nichols III (PHI)","0","0","0","0","0","0","0","0","0","0","0","0","0","0","0","0.0%"
"166","Jabari Small (TEN)","0","0","0","0","0","0","0","0","0","0","0","0","0","0","0","0.0%"
"167","Braelon Allen (NYJ)","0","0","0","0","0","0","0","0","0","0","0","0","0","0","0","1.2%"
"168","Aaron Shampklin (PIT)","0","0","0","0","0","0","0","0","0","0","0","0","0","0","0","0.0%"
"169","Troy Hairston II (HOU)","0","0","0","0","0","0","0","0","0","0","0","0","0","0","0","0.0%"
"170","Tyreik McAllister (LV)","0","0","0","0","0","0","0","0","0","0","0","0","0","0","0","0.0%"
"171","Julius Chestnut (TEN)","0","0","0","0","0","0","0","0","0","0","0","0","2","0.0","0.0","0.3%"
"172","Brittain Brown (LV)","0","0","0","0","0","0","0","0","0","0","0","0","1","0.0","0.0","0.2%"
"173","Jack Colletto (PIT)","0","0","0","0","0","0","0","0","0","0","0","0","0","0","0","0.0%"
"174","Jawhar Jordan (HOU)","0","0","0","0","0","0","0","0","0","0","0","0","0","0","0","0.1%"
"175","Austin Jones (WAS)","0","0","0","0","0","0","0","0","0","0","0","0","0","0","0","0.0%"
"176","Deshaun Fenwick (NE)","0","0","0","0","0","0","0","0","0","0","0","0","0","0","0","0.0%"
"177","Isaac Guerendo (SF)","0","0","0","0","0","0","0","0","0","0","0","0","0","0","0","0.5%"
"178","Blake Watson (DEN)","0","0","0","0","0","0","0","0","0","0","0","0","0","0","0","0.0%"
"179","Michael Wiley (WAS)","0","0","0","0","0","0","0","0","0","0","0","0","0","0","0","0.0%"
"180","Carson Steele (KC)","0","0","0","0","0","0","0","0","0","0","0","0","0","0","0","0.0%"
"181","Jaden Shirden (CAR)","0","0","0","0","0","0","0","0","0","0","0","0","0","0","0","0.0%"
"182","Kimani Vidal (LAC)","0","0","0","0","0","0","0","0","0","0","0","0","0","0","0","1.1%"
"183","Emani Bailey (KC)","0","0","0","0","0","0","0","0","0","0","0","0","0","0","0","0.0%"
"184","Sione Vaki (DET)","0","0","0","0","0","0","0","0","0","0","0","0","0","0","0","0.1%"
"185","Aidan Robbins (CLE)","0","0","0","0","0","0","0","0","0","0","0","0","0","0","0","0.0%"
"186","Dillon Johnson (TEN)","0","0","0","0","0","0","0","0","0","0","0","0","0","0","0","0.0%"
"187","Cody Schrader (SF)","0","0","0","0","0","0","0","0","0","0","0","0","0","0","0","0.0%"
"188","Dylan Laube (LV)","0","0","0","0","0","0","0","0","0","0","0","0","0","0","0","0.4%"
"189","Ray Davis (BUF)","0","0","0","0","0","0","0","0","0","0","0","0","0","0","0","1.4%"
"190","Jonathon Brooks (CAR)","0","0","0","0","0","0","0","0","0","0","0","0","0","0","0","64.3%"
"191","Louis Rees-Zammit (KC)","0","0","0","0","0","0","0","0","0","0","0","0","0","0","0","0.0%"
"192","British Brooks (HOU)","0","0","0","0","0","0","0","0","0","0","0","0","0","0","0","0.0%"
"193","Markese Stepp (NYJ)","0","0","0","0","0","0","0","0","0","0","0","0","0","0","0","0.0%"
"194","Mathieu Severance (KC)","0","0","0","0","0","0","0","0","0","0","0","0","0","0","0","0.0%"
"195","Samson Evans (MIA)","0","0","0","0","0","0","0","0","0","0","0","0","0","0","0","0.0%"
"196","La'Damian Webb (MIA)","0","0","0","0","0","0","0","0","0","0","0","0","0","0","0","0.0%"
"197","Michael Herzog (DET)","0","0","0","0","0","0","0","0","0","0","0","0","0","0","0","0.0%"
"198","Lorenzo Lingard (JAC)","0","0","0","0","0","0","0","0","0","0","0","0","0","0","0","0.0%"
"199","Jalen Jackson (JAC)","0","0","0","0","0","0","0","0","0","0","0","0","0","0","0","0.0%"
"200","Justin Strong (IND)","0","0","0","0","0","0","0","0","0","0","0","0","0","0","0","0.0%"
"201","Trey Potts (KC)","0","0","0","0","0","0","0","0","0","0","0","0","0","0","0","0.0%"
"202","Dante Miller (NYG)","0","0","0","0","0","0","0","0","0","0","0","0","0","0","0","0.0%"
"203","Jarveon Howard (GB)","0","0","0","0","0","0","0","0","0","0","0","0","0","0","0","0.0%"
"204","TaMerik Williams (SEA)","0","0","0","0","0","0","0","0","0","0","0","0","0","0","0","0.0%"
"205","Kobe Lewis (SEA)","0","0","0","0","0","0","0","0","0","0","0","0","0","0","0","0.0%"
"206","TD Ayo-Durojaiye (KC)","0","0","0","0","0","0","0","0","0","0","0","0","0","0","0","0.0%"
"207","Ian Wheeler (CHI)","0","0","0","0","0","0","0","0","0","0","0","0","0","0","0","0.0%"
"208","Nathaniel Peat (DAL)","0","0","0","0","0","0","0","0","0","0","0","0","0","0","0","0.0%"
"209","Jordan Terrell (TEN)","0","0","0","0","0","0","0","0","0","0","0","0","0","0","0","0.0%"
"210","Chris Collier (BAL)","0","0","0","0","0","0","0","0","0","0","0","0","0","0","0","0.0%"
"211","Jacob Kibodi (NO)","0","0","0","0","0","0","0","0","0","0","0","0","0","0","0","0.0%"
"212","Ellis Merriweather (GB)","0","0","0","0","0","0","0","0","0","0","0","0","0","0","0","0.1%"
"213","Owen Wright (BAL)","0","0","0","0","0","0","0","0","0","0","0","0","0","0","0","0.0%"
"214","Jordan Mims (NO)","0","0","0","0","0","0","0","2","0","0","0","0","3","0.0","0.0","0.0%"
"215","Deneric Prince (KC)","0","0","0","0","0","0","0","0","0","0","0","0","0","0","0","0.1%"
"216","Zavier Scott (IND)","0","0","0","0","0","0","0","0","0","0","0","0","0","0","0","0.0%"
"217","Robert Burns (ATL)","0","0","0","0","0","0","0","0","0","0","0","0","0","0","0","0.0%"
"218","Hassan Hall (KC)","0","0","0","0","0","0","0","0","0","0","0","0","0","0","0","0.0%"
"219","Henry Pearson (GB)","0","0","0","0","0","0","0","0","0","0","0","0","2","0.0","0.0","0.0%"
"220","Carlos Washington Jr. (ATL)","0","0","0","0","0","0","0","0","0","0","0","0","0","0","0","0.0%"
"221","Isaiah Davis (NYJ)","0","0","0","0","0","0","0","0","0","0","0","0","0","0","0","0.1%"
"222","Jaylen Wright (MIA)","0","0","0","0","0","0","0","0","0","0","0","0","0","0","0","2.1%"
"223","Daijun Edwards (PIT)","0","0","0","0","0","0","0","0","0","0","0","0","0","0","0","0.0%"
"224","Rasheen Ali (BAL)","0","0","0","0","0","0","0","0","0","0","0","0","0","0","0","0.3%"
"225","Bucky Irving (TB)","0","0","0","0","0","0","0","0","0","0","0","0","0","0","0","1.3%"
"226","Frank Gore Jr. (BUF)","0","0","0","0","0","0","0","0","0","0","0","0","0","0","0","0.0%"
"227","Jase McClellan (ATL)","0","0","0","0","0","0","0","0","0","0","0","0","0","0","0","0.2%"
"228","George Holani (SEA)","0","0","0","0","0","0","0","0","0","0","0","0","0","0","0","0.0%"
"229","DJ Williams (TB)","0","0","0","0","0","0","0","0","0","0","0","0","0","0","0","0.0%"
"230","Keilan Robinson (JAC)","0","0","0","0","0","0","0","0","0","0","0","0","0","0","0","0.1%"
"231","Javian Hawkins (TEN)","0","0","0","0","0","0","0","0","0","0","0","0","0","0","0","0.0%"
"232","Snoop Conner (DAL)","0","0","0","0","0","0","0","0","0","0","0","0","0","0","0","0.2%"
"233","Blake Corum (LAR)","0","0","0","0","0","0","0","0","0","0","0","0","0","0","0","22.5%"
"234","Will Shipley (PHI)","0","0","0","0","0","0","0","0","0","0","0","0","0","0","0","0.8%"
"235","Tyrone Tracy Jr. (NYG)","0","0","0","0","0","0","0","0","0","0","0","0","0","0","0","1.8%"
"236","Kendall Milton (PHI)","0","0","0","0","0","0","0","0","0","0","0","0","0","0","0","0.0%"
"237","Hassan Haskins (TEN)","0","0","0","0","0","0","0","0","0","0","0","0","0","0","0","0.2%"
"238","Tyler Badie (DEN)","0","0","0","0","0","0","0","0","0","0","0","0","0","0","0","0.1%"
"239","Bryant Koback (FA)","0","0","0","0","0","0","0","0","0","0","0","0","1","0.0","0.0","0.0%"
"240","Malik Davis (DAL)","0","0","0","0","0","0","0","0","0","0","0","0","2","0.0","0.0","1.0%"
"241","Zander Horvath (NO)","0","0","0","0","0","0","0","0","0","0","0","0","0","0","0","0.1%"
"242","MarShawn Lloyd (GB)","0","0","0","0","0","0","0","0","0","0","0","0","0","0","0","3.4%"
"243","Noah Cain (CIN)","0","0","0","0","0","0","0","0","0","0","0","0","0","0","0","0.0%"
"244","Steele Chambers (DET)","0","0","0","0","0","0","0","0","0","0","0","0","0","0","0","0.0%"
"245","Audric Estime (DEN)","0","0","0","0","0","0","0","0","0","0","0","0","0","0","0","0.8%"
"246","Ben Mason (LAC)","0","0","0","0","0","0","0","0","0","0","0","0","1","0.0","0.0","0.0%"
"247","Gerrid Doaks (HOU)","0","0","0","0","0","0","0","0","0","0","0","0","0","0","0","0.1%"
"248","Avery Williams (ATL)","0","0","0","0","0","0","0","0","0","0","0","0","0","0","0","0.2%"
"249","Spencer Brown (CAR)","0","0","0","0","0","0","0","0","0","0","0","0","0","0","0","0.0%"
"250","Sincere McCormick (LV)","0","0","0","0","0","0","0","0","0","0","0","0","0","0","0","0.0%"
"251","Nick Bellore (FA)","0","0","0","0","0","0","0","0","0","0","0","0","10","0.0","0.0","7.0%"
"252","Jay Finley (CIN)","0","0","0","0","0","0","0","0","0","0","0","0","0","0","0","0.0%"
"253","Shane Bannon (KC)","0","0","0","0","0","0","0","0","0","0","0","0","0","0","0","0.0%"
"254","Kenny Irons (CIN)","0","0","0","0","0","0","0","0","0","0","0","0","0","0","0","0.0%"
"255","Anthony Alridge (WAS)","0","0","0","0","0","0","0","0","0","0","0","0","0","0","0","0.0%"
"256","Dantrell Savage (CAR)","0","0","0","0","0","0","0","0","0","0","0","0","0","0","0","0.0%"
"257","Chad Simpson (WAS)","0","0","0","0","0","0","0","0","0","0","0","0","0","0","0","0.0%"
"258","Garrett Mills (NE)","0","0","0","0","0","0","0","0","0","0","0","0","0","0","0","0.0%"
"259","Xavier Omon (SF)","0","0","0","0","0","0","0","0","0","0","0","0","0","0","0","0.0%"
"260","Samkon Gado (TEN)","0","0","0","0","0","0","0","0","0","0","0","0","0","0","0","0.0%"
"261","Madison Hedgecock (NYG)","0","0","0","0","0","0","0","0","0","0","0","0","0","0","0","0.0%"
"262","Taquan Mizzell (NYG)","0","0","0","0","0","0","0","0","0","0","0","0","0","0","0","0.0%"
"263","J.P. Holtz (FA)","0","0","0","0","0","0","0","0","0","0","0","0","1","0.0","0.0","0.0%"
"264","Tarik Cohen (CAR)","0","0","0","0","0","0","0","0","0","0","0","0","0","0","0","0.0%"
"265","Corey Clement (FA)","0","0","0","0","0","0","0","0","0","0","0","0","2","0.0","0.0","0.0%"
"266","Jeremy McNichols (WAS)","0","0","0","0","0","0","0","0","0","0","0","0","2","0.0","0.0","0.1%"
"267","Marlon Mack (ARI)","0","0","0","0","0","0","0","0","0","0","0","0","2","0.0","0.0","0.0%"
"268","Qadree Ollison (FA)","0","0","0","0","0","0","0","0","0","0","0","0","1","0.0","0.0","0.0%"
"269","Jacques Patrick (NYJ)","0","0","0","0","0","0","0","0","0","0","0","0","0","0","0","0.0%"
"270","Patrick Laird (TB)","0","0","0","0","0","0","0","0","0","0","0","0","2","0.0","0.0","0.1%"
"271","John Kelly Jr. (CLE)","0","0","0","0","0","0","0","0","0","0","0","0","0","0","0","0.1%"
"272","Nyheim Hines (CLE)","0","0","0","0","0","0","0","0","0","0","0","0","0","0","0","0.5%"
"273","Godwin Igwebuike (PIT)","0","0","0","0","0","0","0","0","0","0","0","0","7","0.0","0.0","0.0%"
"274","Myles Gaskin (MIN)","0","0","0","0","0","0","0","0","0","0","0","0","0","0","0","0.2%"
"275","Jason Cabinda (FA)","1","0","0.0","0","0","0","0","0","0","0","0","0","5","0.0","0.0","0.0%"
"276","Brennan Clay (DEN)","0","0","0","0","0","0","0","0","0","0","0","0","0","0","0","0.0%"
"277","Willie Carter (CHI)","0","0","0","0","0","0","0","0","0","0","0","0","0","0","0","0.0%"
"278","Tim Flanders (NO)","0","0","0","0","0","0","0","0","0","0","0","0","0","0","0","0.0%"
"279","Dwayne Washington (DEN)","0","0","0","0","0","0","0","0","0","0","0","0","4","0.0","0.0","0.0%"
"280","Anthony Grant (TB)","0","0","0","0","0","0","0","0","0","0","0","0","0","0","0","0.0%"
"281","Jonathan Williams (WAS)","1","-2","-2.0","0","0","0","0","1","0","0","0","0","1","-0.2","-0.2","0.0%"
""
""